ts_from,ts_to,deauth_count,probe_count,beacon_count,eviltwin_max_distinct_bssids,top_sender_deauth,top_sender_probe,top_sender_beacon,top_bssid_deauth_count,top_bssid_deauth_mac,deauth_reason_top,deauth_reason_distinct,top_channel,top_channel_beacon_count,top_channel_deauth_count
1763898546.7569942,1763898547.7569942,0,0,4,0,0,0,3,0,,,0,10,4,0
1763898547.7569942,1763898548.7569942,0,0,7,0,0,0,5,0,,,0,10,7,0
1763898548.7569942,1763898549.7569942,0,0,8,0,0,0,5,0,,,0,10,8,0
1763898549.7569942,1763898550.7569942,0,0,8,0,0,0,5,0,,,0,10,8,0
1763898550.7569942,1763898551.7569942,0,0,9,0,0,0,5,0,,,0,10,6,0
1763898551.7569942,1763898552.7569942,0,0,9,0,0,0,5,0,,,0,10,6,0
1763898552.7569942,1763898553.7569942,0,0,9,0,0,0,5,0,,,0,10,4,0
1763898553.7569942,1763898554.7569942,0,0,9,0,0,0,5,0,,,0,10,4,0
1763898554.7569942,1763898555.7569942,0,0,5,0,0,0,4,0,,,0,10,4,0
1763898555.7569942,1763898556.7569942,0,0,5,0,0,0,4,0,,,0,10,4,0
1763898556.7569942,1763898557.7569942,0,0,2,0,0,0,1,0,,,0,10,2,0
1763898557.7569942,1763898558.7569942,0,0,2,0,0,0,1,0,,,0,10,2,0
1763898558.7569942,1763898559.7569942,0,0,2,0,0,0,1,0,,,0,10,2,0
1763898559.7569942,1763898560.7569942,0,0,2,0,0,0,1,0,,,0,10,2,0
1763898560.7569942,1763898561.7569942,0,0,3,0,0,0,2,0,,,0,10,3,0
1763898561.7569942,1763898562.7569942,0,0,5,0,0,0,4,0,,,0,10,4,0
1763898562.7569942,1763898563.7569942,0,0,5,0,0,0,4,0,,,0,10,4,0
1763898563.7569942,1763898564.7569942,0,0,6,0,0,0,5,0,,,0,10,5,0
1763898564.7569942,1763898565.7569942,0,0,7,0,0,0,5,0,,,0,10,7,0
1763898565.7569942,1763898566.7569942,0,0,7,0,0,0,5,0,,,0,10,7,0
1763898566.7569942,1763898567.7569942,0,0,7,0,0,0,5,0,,,0,10,7,0
1763898567.7569942,1763898568.7569942,0,0,7,0,0,0,5,0,,,0,10,6,0
1763898568.7569942,1763898569.7569942,0,0,6,0,0,0,4,0,,,0,10,6,0
1763898569.7569942,1763898570.7569942,0,0,6,0,0,0,4,0,,,0,10,4,0
1763898570.7569942,1763898571.7569942,0,0,6,0,0,0,4,0,,,0,10,4,0
1763898571.7569942,1763898572.7569942,0,0,6,0,0,0,4,0,,,0,10,4,0
1763898572.7569942,1763898573.7569942,0,0,7,0,0,0,4,0,,,0,10,5,0
1763898573.7569942,1763898574.7569942,0,0,7,0,0,0,4,0,,,0,10,5,0
1763898574.7569942,1763898575.7569942,0,0,7,0,0,0,4,0,,,0,10,7,0
1763898575.7569942,1763898576.7569942,0,0,7,0,0,0,4,0,,,0,10,7,0
1763898576.7569942,1763898577.7569942,0,0,7,0,0,0,4,0,,,0,10,7,0
1763898577.7569942,1763898578.7569942,0,0,7,0,0,0,4,0,,,0,10,7,0
1763898578.7569942,1763898579.7569942,0,0,7,0,0,0,4,0,,,0,10,6,0
1763898579.7569942,1763898580.7569942,0,0,7,0,0,0,4,0,,,0,10,4,0
1763898580.7569942,1763898581.7569942,0,0,5,0,0,0,2,0,,,0,10,2,0
1763898581.7569942,1763898582.7569942,0,0,5,0,0,0,2,0,,,0,10,2,0
1763898582.7569942,1763898583.7569942,0,0,5,0,0,0,2,0,,,0,10,2,0
1763898583.7569942,1763898584.7569942,0,0,5,0,0,0,2,0,,,0,10,2,0
1763898584.7569942,1763898585.7569942,0,0,5,0,0,0,2,0,,,0,10,2,0
1763898585.7569942,1763898586.7569942,0,0,5,0,0,0,2,0,,,0,10,2,0
1763898586.7569942,1763898587.7569942,0,0,6,0,0,0,3,0,,,0,10,3,0
1763898587.7569942,1763898588.7569942,0,0,7,0,0,0,4,0,,,0,10,4,0
1763898588.7569942,1763898589.7569942,0,0,6,0,0,0,4,0,,,0,10,4,0
1763898589.7569942,1763898590.7569942,0,0,6,0,0,0,3,0,,,0,10,5,0
1763898590.7569942,1763898591.7569942,0,0,7,0,0,0,4,0,,,0,10,6,0
1763898591.7569942,1763898592.7569942,0,0,7,0,0,0,4,0,,,0,10,6,0
1763898592.7569942,1763898593.7569942,0,0,9,0,0,0,4,0,,,0,10,8,0
1763898593.7569942,1763898594.7569942,0,0,10,0,0,0,5,0,,,0,10,9,0
1763898594.7569942,1763898595.7569942,0,0,10,0,0,0,5,0,,,0,10,8,0
1763898595.7569942,1763898596.7569942,0,0,10,0,0,0,5,0,,,0,10,8,0
1763898596.7569942,1763898597.7569942,0,0,10,0,0,0,5,0,,,0,10,8,0
1763898597.7569942,1763898598.7569942,0,0,10,0,0,0,5,0,,,0,10,7,0
1763898598.7569942,1763898599.7569942,0,0,10,0,0,0,5,0,,,0,10,5,0
1763898599.7569942,1763898600.7569942,0,0,9,0,0,0,5,0,,,0,10,3,0
1763898600.7569942,1763898601.7569942,0,0,6,0,0,0,3,0,,,0,10,5,0
1763898601.7569942,1763898602.7569942,0,0,7,0,0,0,3,0,,,0,10,6,0
1763898602.7569942,1763898603.7569942,0,0,7,0,0,0,3,0,,,0,10,6,0
1763898603.7569942,1763898604.7569942,0,0,7,0,0,0,3,0,,,0,10,6,0
1763898604.7569942,1763898605.7569942,0,0,8,0,0,0,4,0,,,0,10,7,0
1763898605.7569942,1763898606.7569942,0,0,9,0,0,0,4,0,,,0,10,4,0
1763898606.7569942,1763898607.7569942,0,0,10,0,0,0,4,0,,,0,10,6,0
1763898607.7569942,1763898608.7569942,0,0,11,0,0,0,4,0,,,0,10,7,0
1763898608.7569942,1763898609.7569942,0,0,11,0,0,0,4,0,,,0,10,7,0
1763898609.7569942,1763898610.7569942,0,0,12,0,0,0,4,0,,,0,10,7,0
1763898610.7569942,1763898611.7569942,0,0,11,0,0,0,4,0,,,0,10,3,0
1763898611.7569942,1763898612.7569942,0,0,11,0,0,0,4,0,,,0,10,3,0
1763898612.7569942,1763898613.7569942,0,0,11,0,0,0,4,0,,,0,10,2,0
1763898613.7569942,1763898614.7569942,0,0,8,0,0,0,3,0,,,0,10,3,0
1763898614.7569942,1763898615.7569942,0,0,8,0,0,0,3,0,,,0,10,3,0
1763898615.7569942,1763898616.7569942,0,16,9,0,0,16,3,0,,,0,10,3,0
1763898616.7569942,1763898617.7569942,0,19,10,0,0,19,3,0,,,0,10,5,0
1763898617.7569942,1763898618.7569942,0,19,10,0,0,19,3,0,,,0,10,4,0
1763898618.7569942,1763898619.7569942,0,19,11,0,0,19,4,0,,,0,10,6,0
1763898619.7569942,1763898620.7569942,0,19,11,0,0,19,5,0,,,0,10,6,0
1763898620.7569942,1763898621.7569942,0,19,11,0,0,19,5,0,,,0,10,6,0
1763898621.7569942,1763898622.7569942,0,19,11,0,0,19,5,0,,,0,10,5,0
1763898622.7569942,1763898623.7569942,0,19,13,0,0,19,5,0,,,0,10,7,0
1763898623.7569942,1763898624.7569942,0,19,14,0,0,19,5,0,,,0,10,6,0
1763898624.7569942,1763898625.7569942,0,19,14,0,0,19,5,0,,,0,10,5,0
1763898625.7569942,1763898626.7569942,0,19,15,0,0,19,5,0,,,0,10,6,0
1763898626.7569942,1763898627.7569942,0,19,15,0,0,19,5,0,,,0,10,6,0
1763898627.7569942,1763898628.7569942,0,19,15,0,0,19,5,0,,,0,10,3,0
1763898628.7569942,1763898629.7569942,0,19,15,0,0,19,5,0,,,0,10,3,0
1763898629.7569942,1763898630.7569942,0,19,13,0,0,19,5,0,,,0,10,4,0
1763898630.7569942,1763898631.7569942,0,48,13,0,0,29,5,0,,,0,10,4,0
1763898631.7569942,1763898632.7569942,0,48,14,0,0,29,5,0,,,0,10,6,0
1763898632.7569942,1763898633.7569942,0,48,16,0,0,29,5,0,,,0,10,8,0
1763898633.7569942,1763898634.7569942,0,49,16,0,0,29,5,0,,,0,10,8,0
1763898634.7569942,1763898635.7569942,0,56,16,0,0,29,5,0,,,0,10,6,0
1763898635.7569942,1763898636.7569942,0,61,15,0,0,29,5,0,,,0,10,6,0
1763898636.7569942,1763898637.7569942,0,61,15,0,0,29,5,0,,,0,10,5,0
1763898637.7569942,1763898638.7569942,0,61,15,0,0,29,5,0,,,0,10,3,0
1763898638.7569942,1763898639.7569942,0,61,15,0,0,29,5,0,,,0,10,3,0
1763898639.7569942,1763898640.7569942,0,61,15,0,0,29,5,0,,,0,10,3,0
1763898640.7569942,1763898641.7569942,0,61,11,0,0,29,3,0,,,0,10,4,0
1763898641.7569942,1763898642.7569942,0,61,11,0,0,29,3,0,,,0,10,4,0
1763898642.7569942,1763898643.7569942,0,61,11,0,0,29,3,0,,,0,10,4,0
1763898643.7569942,1763898644.7569942,0,61,12,0,0,29,3,0,,,0,10,5,0
1763898644.7569942,1763898645.7569942,0,61,13,0,0,29,3,0,,,0,10,6,0
1763898678.8478966,1763898679.8478966,0,0,2,0,0,0,2,0,,,0,10,2,0
1763898679.8478966,1763898680.8478966,0,0,4,0,0,0,2,0,,,0,10,4,0
1763898680.8478966,1763898681.8478966,0,0,5,0,0,0,3,0,,,0,10,5,0
1763898681.8478966,1763898682.8478966,0,0,5,0,0,0,3,0,,,0,10,5,0
1763898682.8478966,1763898683.8478966,0,0,9,0,0,0,5,0,,,0,10,9,0
1763898683.8478966,1763898684.8478966,0,0,11,0,0,0,6,0,,,0,10,11,0
1763898684.8478966,1763898685.8478966,0,0,14,0,0,0,9,0,,,0,10,14,0
1763898685.8478966,1763898686.8478966,0,0,14,0,0,0,9,0,,,0,10,14,0
1763898686.8478966,1763898687.8478966,0,0,15,0,0,0,10,0,,,0,10,14,0
1763898687.8478966,1763898688.8478966,0,0,14,0,0,0,10,0,,,0,10,12,0
1763898688.8478966,1763898689.8478966,0,0,14,0,0,0,10,0,,,0,10,11,0
1763898689.8478966,1763898690.8478966,0,1,11,0,0,1,7,0,,,0,10,8,0
1763898690.8478966,1763898691.8478966,0,1,11,0,0,1,7,0,,,0,10,7,0
1763898691.8478966,1763898692.8478966,0,1,9,0,0,1,5,0,,,0,10,9,0
1763898692.8478966,1763898693.8478966,0,3,7,0,0,2,4,0,,,0,10,6,0
1763898693.8478966,1763898694.8478966,0,3,7,0,0,2,4,0,,,0,10,5,0
1763898694.8478966,1763898695.8478966,0,3,5,0,0,2,3,0,,,0,10,4,0
1763898695.8478966,1763898696.8478966,0,3,5,0,0,2,3,0,,,0,10,4,0
1763898696.8478966,1763898697.8478966,0,3,6,0,0,2,3,0,,,0,10,3,0
1763898697.8478966,1763898698.8478966,0,3,6,0,0,2,3,0,,,0,10,3,0
1763898698.8478966,1763898699.8478966,0,3,7,0,0,2,4,0,,,0,10,4,0
1763898699.8478966,1763898700.8478966,0,3,9,0,0,2,5,0,,,0,10,6,0
1763898700.8478966,1763898701.8478966,0,3,9,0,0,2,5,0,,,0,10,6,0
1763898701.8478966,1763898702.8478966,0,3,9,0,0,2,5,0,,,0,10,6,0
1763898702.8478966,1763898703.8478966,0,3,9,0,0,2,5,0,,,0,10,6,0
1763898703.8478966,1763898704.8478966,0,3,8,0,0,2,5,0,,,0,10,7,0
1763898704.8478966,1763898705.8478966,0,6,8,0,0,2,5,0,,,0,10,7,0
1763898705.8478966,1763898706.8478966,0,15,8,0,0,11,5,0,,,0,10,6,0
1763898706.8478966,1763898707.8478966,0,15,8,0,0,11,5,0,,,0,10,5,0
1763898707.8478966,1763898708.8478966,0,15,6,0,0,11,3,0,,,0,10,5,0
1763898708.8478966,1763898709.8478966,0,15,6,0,0,11,3,0,,,0,10,3,0
1763898709.8478966,1763898710.8478966,0,15,6,0,0,11,3,0,,,0,10,3,0
1763898710.8478966,1763898711.8478966,0,15,6,0,0,11,3,0,,,0,10,3,0
1763898711.8478966,1763898712.8478966,0,15,6,0,0,11,3,0,,,0,10,3,0
1763898712.8478966,1763898713.8478966,0,15,5,0,0,11,3,0,,,0,10,4,0
1763898713.8478966,1763898714.8478966,0,15,8,0,0,11,4,0,,,0,10,7,0
1763898714.8478966,1763898715.8478966,0,15,9,0,0,11,5,0,,,0,10,8,0
1763898715.8478966,1763898716.8478966,0,15,11,0,0,11,6,0,,,0,10,10,0
1763898716.8478966,1763898717.8478966,0,15,11,0,0,11,6,0,,,0,10,10,0
1763898717.8478966,1763898718.8478966,0,15,13,0,0,11,8,0,,,0,10,12,0
1763898718.8478966,1763898719.8478966,0,15,10,0,0,11,5,0,,,0,10,8,0
1763898719.8478966,1763898720.8478966,0,15,12,0,0,11,7,0,,,0,10,9,0
1763898720.8478966,1763898721.8478966,0,15,14,0,0,11,9,0,,,0,10,10,0
1763898721.8478966,1763898722.8478966,0,15,13,0,0,11,10,0,,,0,10,12,0
1763898722.8478966,1763898723.8478966,0,15,14,0,0,11,11,0,,,0,10,12,0
1763898723.8478966,1763898724.8478966,0,17,17,0,0,11,11,0,,,0,10,14,0
1763898724.8478966,1763898725.8478966,0,17,19,0,0,11,11,0,,,0,10,11,0
1763898725.8478966,1763898726.8478966,0,17,19,0,0,11,11,0,,,0,10,9,0
1763898726.8478966,1763898727.8478966,0,17,12,0,0,11,4,0,,,0,10,11,0
1763898727.8478966,1763898728.8478966,0,17,13,0,0,11,5,0,,,0,10,10,0
1763898728.8478966,1763898729.8478966,0,17,13,0,0,11,5,0,,,0,10,8,0
1763898729.8478966,1763898730.8478966,0,17,13,0,0,11,7,0,,,0,10,12,0
1763898730.8478966,1763898731.8478966,0,17,17,0,0,11,11,0,,,0,10,16,0
1763898731.8478966,1763898732.8478966,0,17,17,0,0,11,11,0,,,0,10,16,0
1763898732.8478966,1763898733.8478966,0,17,18,0,0,11,11,0,,,0,10,17,0
1763898733.8478966,1763898734.8478966,0,17,18,0,0,11,11,0,,,0,10,17,0
1763898734.8478966,1763898735.8478966,0,17,17,0,0,11,10,0,,,0,10,14,0
1763898735.8478966,1763898736.8478966,0,17,16,0,0,11,10,0,,,0,10,11,0
1763898736.8478966,1763898737.8478966,0,18,12,0,0,11,6,0,,,0,10,9,0
1763898737.8478966,1763898738.8478966,0,18,15,0,0,11,9,0,,,0,10,11,0
1763898738.8478966,1763898739.8478966,0,18,16,0,0,11,12,0,,,0,10,14,0
1763898739.8478966,1763898740.8478966,0,18,18,0,0,11,12,0,,,0,10,16,0
1763898740.8478966,1763898741.8478966,0,18,21,0,0,11,15,0,,,0,10,18,0
1763898741.8478966,1763898742.8478966,0,18,23,0,0,11,17,0,,,0,10,20,0
1763898742.8478966,1763898743.8478966,0,18,22,0,0,11,16,0,,,0,10,19,0
1763898743.8478966,1763898744.8478966,0,19,18,0,0,11,12,0,,,0,10,12,0
1763898744.8478966,1763898745.8478966,0,19,18,0,0,11,12,0,,,0,10,12,0
1763898745.8478966,1763898746.8478966,0,19,20,0,0,11,14,0,,,0,10,14,0
1763898746.8478966,1763898747.8478966,0,19,18,0,0,11,12,0,,,0,10,12,0
1763898747.8478966,1763898748.8478966,0,19,19,0,0,11,13,0,,,0,10,13,0
1763898748.8478966,1763898749.8478966,0,19,21,0,0,11,15,0,,,0,10,15,0
1763898749.8478966,1763898750.8478966,0,20,29,0,0,11,23,0,,,0,10,23,0
1763898750.8478966,1763898751.8478966,0,20,28,0,0,11,22,0,,,0,10,22,0
1763898751.8478966,1763898752.8478966,0,21,25,0,0,11,20,0,,,0,10,21,0
1763898752.8478966,1763898753.8478966,0,21,23,0,0,11,18,0,,,0,10,19,0
1763898753.8478966,1763898754.8478966,0,21,24,0,0,11,18,0,,,0,10,21,0
1763898754.8478966,1763898755.8478966,0,21,19,0,0,11,13,0,,,0,10,16,0
1763898755.8478966,1763898756.8478966,0,21,20,0,0,11,13,0,,,0,10,16,0
1763898756.8478966,1763898757.8478966,0,21,21,0,0,11,15,0,,,0,10,18,0
1763898757.8478966,1763898758.8478966,0,21,21,0,0,11,14,0,,,0,10,19,0
1763898758.8478966,1763898759.8478966,0,21,18,0,0,11,11,0,,,0,10,14,0
1763898759.8478966,1763898760.8478966,0,21,17,0,0,11,10,0,,,0,10,12,0
1763898760.8478966,1763898761.8478966,0,21,18,0,0,11,11,0,,,0,10,13,0
1763898761.8478966,1763898762.8478966,0,21,18,0,0,11,11,0,,,0,10,13,0
1763898762.8478966,1763898763.8478966,0,21,20,0,0,11,13,0,,,0,10,13,0
1763898763.8478966,1763898764.8478966,0,21,21,0,0,11,14,0,,,0,10,14,0
1763898764.8478966,1763898765.8478966,0,21,19,0,0,11,14,0,,,0,10,13,0
1763898765.8478966,1763898766.8478966,0,21,18,0,0,11,13,0,,,0,10,15,0
1763898766.8478966,1763898767.8478966,0,21,16,0,0,11,11,0,,,0,10,13,0
1763898767.8478966,1763898768.8478966,0,21,16,0,0,11,11,0,,,0,10,13,0
1763898768.8478966,1763898769.8478966,0,21,16,0,0,11,11,0,,,0,10,13,0
1763898769.8478966,1763898770.8478966,0,21,20,0,0,11,15,0,,,0,10,15,0
1763898770.8478966,1763898771.8478966,0,21,23,0,0,11,18,0,,,0,10,18,0
1763898771.8478966,1763898772.8478966,0,22,27,0,0,11,22,0,,,0,10,22,0
1763898772.8478966,1763898773.8478966,0,26,26,0,0,11,21,0,,,0,10,21,0
1763898773.8478966,1763898774.8478966,0,26,25,0,0,11,20,0,,,0,10,21,0
1763898774.8478966,1763898775.8478966,0,26,22,0,0,11,17,0,,,0,10,18,0
1763898775.8478966,1763898776.8478966,0,26,11,0,0,11,6,0,,,0,10,7,0
1763898776.8478966,1763898777.8478966,0,26,11,0,0,11,6,0,,,0,10,7,0
1763898777.8478966,1763898778.8478966,0,27,12,0,0,11,7,0,,,0,10,8,0
1763898778.8478966,1763898779.8478966,0,27,12,0,0,11,7,0,,,0,10,5,0
1763898779.8478966,1763898780.8478966,0,27,12,0,0,11,7,0,,,0,10,5,0
1763898780.8478966,1763898781.8478966,0,27,12,0,0,11,7,0,,,0,10,2,0
1763898781.8478966,1763898782.8478966,0,27,12,0,0,11,7,0,,,0,10,2,0
1763898782.8478966,1763898783.8478966,0,27,12,0,0,11,7,0,,,0,,0,0
1763898783.8478966,1763898784.8478966,0,30,9,0,0,11,4,0,,,0,10,4,0
1763898784.8478966,1763898785.8478966,0,30,9,0,0,11,4,0,,,0,10,4,0
1763898785.8478966,1763898786.8478966,0,30,9,0,0,11,4,0,,,0,10,4,0
1763898786.8478966,1763898787.8478966,0,30,9,0,0,11,4,0,,,0,10,4,0
1763898787.8478966,1763898788.8478966,0,30,9,0,0,11,4,0,,,0,10,4,0
1763898788.8478966,1763898789.8478966,0,30,9,0,0,11,4,0,,,0,10,1,0
1764021873.8106194,1764021874.8106194,0,0,10,0,0,0,10,0,,,0,10,10,0
1764021874.8106194,1764021875.8106194,0,0,15,0,0,0,14,0,,,0,10,1,0
1764021875.8106194,1764021876.8106194,0,0,15,0,0,0,14,0,,,0,10,1,0
1764021876.8106194,1764021877.8106194,0,0,15,0,0,0,14,0,,,0,10,1,0
1764021877.8106194,1764021878.8106194,0,0,15,0,0,0,14,0,,,0,10,1,0
1764021878.8106194,1764021879.8106194,0,0,15,0,0,0,14,0,,,0,10,1,0
1764021879.8106194,1764021880.8106194,0,0,15,0,0,0,14,0,,,0,10,1,0
1764021880.8106194,1764021881.8106194,0,0,15,0,0,0,14,0,,,0,10,1,0
1764021881.8106194,1764021882.8106194,0,0,6,0,0,0,5,0,,,0,10,6,0
1764021882.8106194,1764021883.8106194,0,0,6,0,0,0,5,0,,,0,10,6,0
1764021883.8106194,1764021884.8106194,0,0,6,0,0,0,5,0,,,0,10,6,0
1764021884.8106194,1764021885.8106194,0,0,7,0,0,0,6,0,,,0,10,7,0
1764021885.8106194,1764021886.8106194,0,0,8,0,0,0,7,0,,,0,10,8,0
1764021886.8106194,1764021887.8106194,0,1,6,0,0,1,5,0,,,0,10,5,0
1764021887.8106194,1764021888.8106194,0,1,6,0,0,1,5,0,,,0,10,5,0
1764021888.8106194,1764021889.8106194,0,1,12,0,0,1,11,0,,,0,10,11,0
1764021889.8106194,1764021890.8106194,0,1,15,0,0,1,14,0,,,0,10,14,0
1764021890.8106194,1764021891.8106194,0,1,13,0,0,1,11,0,,,0,10,13,0
1764021891.8106194,1764021892.8106194,0,1,13,0,0,1,11,0,,,0,10,13,0
1764021892.8106194,1764021893.8106194,0,1,18,0,0,1,16,0,,,0,10,18,0
1764021893.8106194,1764021894.8106194,0,8,17,0,0,6,15,0,,,0,10,15,0
1764021894.8106194,1764021895.8106194,0,12,4,0,0,6,2,0,,,0,10,2,0
1764021895.8106194,1764021896.8106194,0,12,4,0,0,6,2,0,,,0,10,2,0
1764021896.8106194,1764021897.8106194,0,12,4,0,0,6,2,0,,,0,10,2,0
1764021897.8106194,1764021898.8106194,0,12,4,0,0,6,2,0,,,0,10,2,0
1764021898.8106194,1764021899.8106194,0,12,5,0,0,6,3,0,,,0,10,3,0
1764021899.8106194,1764021900.8106194,0,12,5,0,0,6,3,0,,,0,10,3,0
1764021900.8106194,1764021901.8106194,0,12,5,0,0,6,3,0,,,0,10,3,0
1764021901.8106194,1764021902.8106194,0,12,4,0,0,6,2,0,,,0,10,2,0
1764021902.8106194,1764021903.8106194,0,12,4,0,0,6,2,0,,,0,10,2,0
1764021903.8106194,1764021904.8106194,0,12,4,0,0,6,2,0,,,0,10,2,0
1764021904.8106194,1764021905.8106194,0,12,4,0,0,6,2,0,,,0,10,2,0
1764021905.8106194,1764021906.8106194,0,12,4,0,0,6,2,0,,,0,10,2,0
1764021906.8106194,1764021907.8106194,0,12,4,0,0,6,2,0,,,0,10,2,0
1764021907.8106194,1764021908.8106194,0,12,6,0,0,6,4,0,,,0,10,4,0
1764021908.8106194,1764021909.8106194,0,12,9,0,0,6,7,0,,,0,10,7,0
1764021909.8106194,1764021910.8106194,0,12,10,0,0,6,8,0,,,0,10,8,0
1764021910.8106194,1764021911.8106194,0,12,12,0,0,6,10,0,,,0,10,6,0
1764021911.8106194,1764021912.8106194,0,12,12,0,0,6,10,0,,,0,10,6,0
1764021912.8106194,1764021913.8106194,0,12,12,0,0,6,10,0,,,0,10,6,0
1764021913.8106194,1764021914.8106194,0,12,12,0,0,6,10,0,,,0,10,6,0
1764021914.8106194,1764021915.8106194,0,12,6,0,0,6,4,0,,,0,10,5,0
1764021915.8106194,1764021916.8106194,0,12,7,0,0,6,5,0,,,0,10,7,0
1764021916.8106194,1764021917.8106194,0,12,8,0,0,6,5,0,,,0,10,8,0
1764021917.8106194,1764021918.8106194,0,12,9,0,0,6,6,0,,,0,10,9,0
1764021918.8106194,1764021919.8106194,0,12,15,0,0,6,11,0,,,0,10,15,0
1764021919.8106194,1764021920.8106194,0,12,11,0,0,6,7,0,,,0,10,9,0
1764021920.8106194,1764021921.8106194,0,12,11,0,0,6,7,0,,,0,10,9,0
1764021921.8106194,1764021922.8106194,0,12,11,0,0,6,7,0,,,0,10,9,0
1764021922.8106194,1764021923.8106194,0,12,19,0,0,6,15,0,,,0,10,16,0
1764021923.8106194,1764021924.8106194,0,12,22,0,0,6,18,0,,,0,10,19,0
1764021924.8106194,1764021925.8106194,0,12,27,0,0,6,23,0,,,0,10,23,0
1764021925.8106194,1764021926.8106194,0,12,32,0,0,6,28,0,,,0,10,28,0
1764021926.8106194,1764021927.8106194,0,12,35,0,0,6,34,0,,,0,10,32,0
1764021927.8106194,1764021928.8106194,0,12,37,0,0,6,34,0,,,0,10,28,0
1764021928.8106194,1764021929.8106194,0,12,23,0,0,6,20,0,,,0,10,23,0
1764021929.8106194,1764021930.8106194,0,13,26,0,0,6,22,0,,,0,10,24,0
1764021930.8106194,1764021931.8106194,0,14,13,0,0,6,9,0,,,0,10,10,0
1764021931.8106194,1764021932.8106194,0,14,13,0,0,6,9,0,,,0,10,10,0
1764021932.8106194,1764021933.8106194,0,14,13,0,0,6,9,0,,,0,10,10,0
1764021933.8106194,1764021934.8106194,0,14,8,0,0,6,7,0,,,0,10,3,0
1764021934.8106194,1764021935.8106194,0,14,8,0,0,6,7,0,,,0,10,3,0
1764021935.8106194,1764021936.8106194,0,14,9,0,0,6,7,0,,,0,10,4,0
1764021936.8106194,1764021937.8106194,0,14,9,0,0,6,7,0,,,0,10,4,0
1764021937.8106194,1764021938.8106194,0,14,9,0,0,6,7,0,,,0,10,4,0
1764021938.8106194,1764021939.8106194,0,14,5,0,0,6,3,0,,,0,10,5,0
1764021939.8106194,1764021940.8106194,0,14,7,0,0,6,4,0,,,0,10,6,0
1764021940.8106194,1764021941.8106194,0,14,7,0,0,6,4,0,,,0,10,6,0
1764021941.8106194,1764021942.8106194,0,14,7,0,0,6,4,0,,,0,10,7,0
1764021942.8106194,1764021943.8106194,0,15,7,0,0,6,4,0,,,0,10,7,0
1764021943.8106194,1764021944.8106194,0,15,7,0,0,6,4,0,,,0,10,4,0
1764021944.8106194,1764021945.8106194,0,15,6,0,0,6,4,0,,,0,10,3,0
1764021945.8106194,1764021946.8106194,0,15,8,0,0,6,4,0,,,0,10,5,0
1764021946.8106194,1764021947.8106194,0,15,8,0,0,6,4,0,,,0,10,5,0
1764021947.8106194,1764021948.8106194,0,15,13,0,0,6,9,0,,,0,10,9,0
1764021948.8106194,1764021949.8106194,0,15,23,0,0,6,18,0,,,0,10,19,0
1764021949.8106194,1764021950.8106194,0,15,31,0,0,6,26,0,,,0,10,27,0
1764021950.8106194,1764021951.8106194,0,15,36,0,0,6,31,0,,,0,10,32,0
1764021951.8106194,1764021952.8106194,0,15,45,0,0,6,40,0,,,0,10,41,0
1764021952.8106194,1764021953.8106194,0,15,47,0,0,6,45,0,,,0,10,47,0
1764021953.8106194,1764021954.8106194,0,15,45,0,0,6,41,0,,,0,10,44,0
1764021954.8106194,1764021955.8106194,0,15,41,0,0,6,36,0,,,0,10,40,0
1764021955.8106194,1764021956.8106194,0,15,41,0,0,6,35,0,,,0,10,41,0
1764021956.8106194,1764021957.8106194,0,15,42,0,0,6,35,0,,,0,10,39,0
1764021957.8106194,1764021958.8106194,0,15,31,0,0,6,24,0,,,0,10,29,0
1764021958.8106194,1764021959.8106194,0,15,29,0,0,6,22,0,,,0,10,28,0
1764021959.8106194,1764021960.8106194,0,15,34,0,0,6,26,0,,,0,10,34,0
1764021960.8106194,1764021961.8106194,0,13,20,0,0,4,12,0,,,0,10,16,0
1764021961.8106194,1764021962.8106194,0,13,20,0,0,4,12,0,,,0,10,16,0
1764021962.8106194,1764021963.8106194,0,13,20,0,0,4,12,0,,,0,10,16,0
1764021963.8106194,1764021964.8106194,0,13,19,0,0,4,11,0,,,0,10,13,0
1764021964.8106194,1764021965.8106194,0,13,11,0,0,4,5,0,,,0,10,3,0
1764021965.8106194,1764021966.8106194,0,13,11,0,0,4,5,0,,,0,10,3,0
1764021966.8106194,1764021967.8106194,0,10,11,0,0,2,5,0,,,0,10,3,0
1764021967.8106194,1764021968.8106194,0,11,12,0,0,2,5,0,,,0,10,4,0
1764021968.8106194,1764021969.8106194,0,11,12,0,0,2,5,0,,,0,10,5,0
1764021969.8106194,1764021970.8106194,0,11,18,0,0,2,9,0,,,0,10,12,0
1764021970.8106194,1764021971.8106194,0,11,20,0,0,2,11,0,,,0,10,14,0
1764021971.8106194,1764021972.8106194,0,11,20,0,0,2,11,0,,,0,10,14,0
1764021972.8106194,1764021973.8106194,0,11,18,0,0,2,13,0,,,0,10,17,0
1764021973.8106194,1764021974.8106194,0,11,22,0,0,2,17,0,,,0,10,19,0
1764021974.8106194,1764021975.8106194,0,11,24,0,0,2,21,0,,,0,10,23,0
1764021975.8106194,1764021976.8106194,0,11,31,0,0,2,28,0,,,0,10,30,0
1764021976.8106194,1764021977.8106194,0,11,36,0,0,2,33,0,,,0,10,36,0
1764021977.8106194,1764021978.8106194,0,11,43,0,0,2,39,0,,,0,10,43,0
1764021978.8106194,1764021979.8106194,0,11,48,0,0,2,44,0,,,0,10,47,0
1764021979.8106194,1764021980.8106194,0,11,48,0,0,2,44,0,,,0,10,46,0
1764021980.8106194,1764021981.8106194,0,11,42,0,0,2,38,0,,,0,10,41,0
1764021981.8106194,1764021982.8106194,0,11,33,0,0,2,29,0,,,0,10,30,0
1764021982.8106194,1764021983.8106194,0,11,29,0,0,2,25,0,,,0,10,26,0
1764021983.8106194,1764021984.8106194,0,11,32,0,0,2,25,0,,,0,10,19,0
1764021984.8106194,1764021985.8106194,0,11,17,0,0,2,10,0,,,0,10,16,0
1764021985.8106194,1764021986.8106194,0,11,14,0,0,2,7,0,,,0,10,10,0
1764021986.8106194,1764021987.8106194,0,11,15,0,0,2,7,0,,,0,10,11,0
1764021987.8106194,1764021988.8106194,0,11,15,0,0,2,7,0,,,0,10,10,0
1764021988.8106194,1764021989.8106194,0,11,15,0,0,2,7,0,,,0,10,5,0
1764021989.8106194,1764021990.8106194,0,11,15,0,0,2,7,0,,,0,10,4,0
1764021990.8106194,1764021991.8106194,0,11,15,0,0,2,7,0,,,0,10,2,0
1764021991.8106194,1764021992.8106194,0,11,9,0,0,2,6,0,,,0,10,2,0
1764021992.8106194,1764021993.8106194,0,11,6,0,0,2,3,0,,,0,10,4,0
1764021993.8106194,1764021994.8106194,0,11,6,0,0,2,3,0,,,0,10,4,0
1764021994.8106194,1764021995.8106194,0,11,6,0,0,2,3,0,,,0,10,4,0
1764021995.8106194,1764021996.8106194,0,11,9,0,0,2,6,0,,,0,10,8,0
1764021996.8106194,1764021997.8106194,0,11,4,0,0,2,1,0,,,0,10,1,0
1764021997.8106194,1764021998.8106194,0,11,4,0,0,2,1,0,,,0,10,1,0
1764021998.8106194,1764021999.8106194,0,11,4,0,0,2,1,0,,,0,10,1,0
1764021999.8106194,1764022000.8106194,0,11,4,0,0,2,1,0,,,0,10,1,0
1764022000.8106194,1764022001.8106194,0,11,4,0,0,2,1,0,,,0,10,1,0
1764022001.8106194,1764022002.8106194,0,11,4,0,0,2,1,0,,,0,10,1,0
1764022002.8106194,1764022003.8106194,0,11,5,0,0,2,2,0,,,0,10,3,0
1764022003.8106194,1764022004.8106194,0,11,5,0,0,2,2,0,,,0,10,3,0
1764022004.8106194,1764022005.8106194,0,11,5,0,0,2,2,0,,,0,10,3,0
1764022005.8106194,1764022006.8106194,0,11,5,0,0,2,2,0,,,0,10,3,0
1764022006.8106194,1764022007.8106194,0,11,5,0,0,2,2,0,,,0,10,4,0
1764022007.8106194,1764022008.8106194,0,11,6,0,0,2,3,0,,,0,10,3,0
1764022008.8106194,1764022009.8106194,0,11,6,0,0,2,3,0,,,0,10,3,0
1764022009.8106194,1764022010.8106194,0,11,6,0,0,2,3,0,,,0,10,3,0
1764022010.8106194,1764022011.8106194,0,11,9,0,0,2,6,0,,,0,10,8,0
1764022011.8106194,1764022012.8106194,0,11,9,0,0,2,6,0,,,0,10,8,0
1764022012.8106194,1764022013.8106194,0,11,12,0,0,2,9,0,,,0,10,10,0
1764022013.8106194,1764022014.8106194,0,11,17,0,0,2,14,0,,,0,10,15,0
1764022014.8106194,1764022015.8106194,0,11,24,0,0,2,20,0,,,0,10,22,0
1764022015.8106194,1764022016.8106194,0,11,30,0,0,2,25,0,,,0,10,27,0
1764022016.8106194,1764022017.8106194,0,11,40,0,0,2,35,0,,,0,10,38,0
1764022017.8106194,1764022018.8106194,0,11,44,0,0,2,38,0,,,0,10,39,0
1764022018.8106194,1764022019.8106194,0,11,41,0,0,2,35,0,,,0,10,39,0
1764022019.8106194,1764022020.8106194,0,11,39,0,0,2,33,0,,,0,10,36,0
1764022020.8106194,1764022021.8106194,0,11,38,0,0,2,32,0,,,0,10,29,0
1764022021.8106194,1764022022.8106194,0,11,24,0,0,2,18,0,,,0,10,19,0
1764022022.8106194,1764022023.8106194,0,11,24,0,0,2,18,0,,,0,10,18,0
1764022023.8106194,1764022024.8106194,0,11,22,0,0,2,17,0,,,0,10,15,0
1764022024.8106194,1764022025.8106194,0,11,15,0,0,2,10,0,,,0,10,13,0
1764022025.8106194,1764022026.8106194,0,11,16,0,0,2,10,0,,,0,10,14,0
1764022026.8106194,1764022027.8106194,0,11,12,0,0,2,6,0,,,0,10,10,0
1764022027.8106194,1764022028.8106194,0,11,13,0,0,2,6,0,,,0,10,9,0
1764022028.8106194,1764022029.8106194,0,11,13,0,0,2,6,0,,,0,10,10,0
1764022029.8106194,1764022030.8106194,0,11,13,0,0,2,6,0,,,0,10,9,0
1764022030.8106194,1764022031.8106194,0,11,11,0,0,2,6,0,,,0,10,6,0
1764022031.8106194,1764022032.8106194,0,11,11,0,0,2,6,0,,,0,10,6,0
1764022032.8106194,1764022033.8106194,0,11,12,0,0,2,6,0,,,0,10,7,0
1764022033.8106194,1764022034.8106194,0,11,9,0,0,2,4,0,,,0,10,4,0
1764022034.8106194,1764022035.8106194,0,11,9,0,0,2,4,0,,,0,10,4,0
1764022035.8106194,1764022036.8106194,0,11,9,0,0,2,4,0,,,0,10,4,0
1764022036.8106194,1764022037.8106194,0,11,7,0,0,2,4,0,,,0,10,2,0
1764022037.8106194,1764022038.8106194,0,11,7,0,0,2,4,0,,,0,10,2,0
1764022038.8106194,1764022039.8106194,0,11,7,0,0,2,4,0,,,0,10,2,0
1764022039.8106194,1764022040.8106194,0,11,7,0,0,2,4,0,,,0,10,2,0
1764022040.8106194,1764022041.8106194,0,11,8,0,0,2,4,0,,,0,10,2,0
1764022041.8106194,1764022042.8106194,0,11,5,0,0,2,2,0,,,0,10,3,0
1764022042.8106194,1764022043.8106194,0,11,5,0,0,2,2,0,,,0,10,3,0
1764022043.8106194,1764022044.8106194,0,11,7,0,0,2,3,0,,,0,10,5,0
1764022044.8106194,1764022045.8106194,0,11,8,0,0,2,4,0,,,0,10,6,0
1764022045.8106194,1764022046.8106194,0,11,9,0,0,2,5,0,,,0,10,6,0
1764022046.8106194,1764022047.8106194,0,11,9,0,0,2,5,0,,,0,10,6,0
1764022047.8106194,1764022048.8106194,0,11,9,0,0,2,5,0,,,0,10,6,0
1764022048.8106194,1764022049.8106194,0,11,9,0,0,2,5,0,,,0,10,4,0
1764022049.8106194,1764022050.8106194,0,11,9,0,0,2,5,0,,,0,10,2,0
1764022050.8106194,1764022051.8106194,0,11,8,0,0,2,5,0,,,0,10,2,0
1764022051.8106194,1764022052.8106194,0,11,8,0,0,2,5,0,,,0,10,2,0
1764022052.8106194,1764022053.8106194,0,11,5,0,0,2,2,0,,,0,10,3,0
1764022053.8106194,1764022054.8106194,0,11,6,0,0,2,2,0,,,0,10,4,0
1764022054.8106194,1764022055.8106194,0,11,6,0,0,2,2,0,,,0,10,4,0
1764022055.8106194,1764022056.8106194,0,11,7,0,0,2,3,0,,,0,10,6,0
1764022056.8106194,1764022057.8106194,0,11,8,0,0,2,3,0,,,0,10,5,0
1764022057.8106194,1764022058.8106194,0,11,8,0,0,2,4,0,,,0,10,5,0
1764022058.8106194,1764022059.8106194,0,11,8,0,0,2,4,0,,,0,10,5,0
1764022059.8106194,1764022060.8106194,0,11,8,0,0,2,4,0,,,0,10,5,0
1764022060.8106194,1764022061.8106194,0,11,9,0,0,2,4,0,,,0,10,5,0
1764022087.532518,1764022088.532518,0,0,2,0,0,0,2,0,,,0,10,2,0
1764022088.532518,1764022089.532518,0,0,2,0,0,0,2,0,,,0,10,2,0
1764022089.532518,1764022090.532518,0,0,2,0,0,0,2,0,,,0,10,2,0
1764022090.532518,1764022091.532518,0,0,2,0,0,0,2,0,,,0,10,2,0
1764022091.532518,1764022092.532518,0,0,2,0,0,0,2,0,,,0,10,2,0
1764022092.532518,1764022093.532518,0,0,2,0,0,0,2,0,,,0,10,2,0
1764022114.1588979,1764022115.1588979,0,0,2,0,0,0,2,0,,,0,10,2,0
1764022115.1588979,1764022116.1588979,0,0,2,0,0,0,2,0,,,0,10,2,0
1764022116.1588979,1764022117.1588979,0,0,3,0,0,0,3,0,,,0,10,3,0
1764022117.1588979,1764022118.1588979,0,0,4,0,0,0,4,0,,,0,10,4,0
1764022118.1588979,1764022119.1588979,0,0,4,0,0,0,4,0,,,0,10,4,0
1764022119.1588979,1764022120.1588979,0,0,4,0,0,0,4,0,,,0,10,4,0
1764022120.1588979,1764022121.1588979,0,0,5,0,0,0,5,0,,,0,10,5,0
1764022121.1588979,1764022122.1588979,0,0,3,0,0,0,3,0,,,0,10,3,0
1764022122.1588979,1764022123.1588979,0,0,3,0,0,0,3,0,,,0,10,3,0
1764022123.1588979,1764022124.1588979,0,0,3,0,0,0,3,0,,,0,10,3,0
1764022124.1588979,1764022125.1588979,0,0,3,0,0,0,3,0,,,0,10,3,0
1764022125.1588979,1764022126.1588979,0,3,3,0,0,2,3,0,,,0,10,2,0
1764022126.1588979,1764022127.1588979,0,3,1,0,0,2,1,0,,,0,10,1,0
1764022127.1588979,1764022128.1588979,0,3,1,0,0,2,1,0,,,0,10,1,0
1764022128.1588979,1764022129.1588979,0,3,1,0,0,2,1,0,,,0,10,1,0
1764022129.1588979,1764022130.1588979,0,3,1,0,0,2,1,0,,,0,10,1,0
1764022130.1588979,1764022131.1588979,0,3,1,0,0,2,1,0,,,0,10,1,0
1764022131.1588979,1764022132.1588979,0,3,1,0,0,2,1,0,,,0,10,1,0
1764022132.1588979,1764022133.1588979,0,3,1,0,0,2,1,0,,,0,10,1,0
1764022133.1588979,1764022134.1588979,0,3,1,0,0,2,1,0,,,0,10,1,0
1764022134.1588979,1764022135.1588979,0,3,2,0,0,2,1,0,,,0,10,2,0
1764022135.1588979,1764022136.1588979,0,3,3,0,0,2,2,0,,,0,10,3,0
1764022136.1588979,1764022137.1588979,0,4,3,0,0,2,2,0,,,0,10,3,0
1764022137.1588979,1764022138.1588979,0,4,3,0,0,2,2,0,,,0,10,3,0
1764022138.1588979,1764022139.1588979,0,4,3,0,0,2,2,0,,,0,10,3,0
1764022139.1588979,1764022140.1588979,0,12,2,0,0,9,1,0,,,0,10,1,0
1764022140.1588979,1764022141.1588979,0,12,2,0,0,9,1,0,,,0,10,1,0
1764022141.1588979,1764022142.1588979,0,12,2,0,0,9,1,0,,,0,10,1,0
1764022142.1588979,1764022143.1588979,0,12,2,0,0,9,1,0,,,0,10,1,0
1764022143.1588979,1764022144.1588979,0,12,2,0,0,9,1,0,,,0,10,1,0
1764022144.1588979,1764022145.1588979,0,12,2,0,0,9,1,0,,,0,10,1,0
1764022145.1588979,1764022146.1588979,0,12,2,0,0,9,1,0,,,0,10,1,0
1764022146.1588979,1764022147.1588979,0,12,2,0,0,9,1,0,,,0,10,1,0
1764022147.1588979,1764022148.1588979,0,12,2,0,0,9,1,0,,,0,10,1,0
1764022148.1588979,1764022149.1588979,0,12,2,0,0,9,1,0,,,0,10,1,0
1764022149.1588979,1764022150.1588979,0,12,2,0,0,9,1,0,,,0,10,1,0
1764022150.1588979,1764022151.1588979,0,12,2,0,0,9,1,0,,,0,10,1,0
1764022151.1588979,1764022152.1588979,0,12,2,0,0,9,1,0,,,0,10,1,0
1764022152.1588979,1764022153.1588979,0,12,2,0,0,9,1,0,,,0,10,1,0
1764022153.1588979,1764022154.1588979,0,12,2,0,0,9,1,0,,,0,10,1,0
1764022154.1588979,1764022155.1588979,0,12,2,0,0,9,1,0,,,0,10,1,0
1764022155.1588979,1764022156.1588979,0,12,2,0,0,9,1,0,,,0,10,1,0
1764022156.1588979,1764022157.1588979,0,12,2,0,0,9,1,0,,,0,10,1,0
1764022157.1588979,1764022158.1588979,0,12,2,0,0,9,1,0,,,0,10,1,0
1764022158.1588979,1764022159.1588979,0,12,2,0,0,9,1,0,,,0,10,1,0
1764022159.1588979,1764022160.1588979,0,12,2,0,0,9,1,0,,,0,10,1,0
1764022160.1588979,1764022161.1588979,0,12,2,0,0,9,1,0,,,0,10,1,0
1764022161.1588979,1764022162.1588979,0,12,2,0,0,9,1,0,,,0,10,1,0
1764022162.1588979,1764022163.1588979,0,12,2,0,0,9,1,0,,,0,10,1,0
1764022163.1588979,1764022164.1588979,0,12,2,0,0,9,1,0,,,0,,0,0
1764022164.1588979,1764022165.1588979,0,12,2,0,0,9,1,0,,,0,,0,0
1764022165.1588979,1764022166.1588979,0,12,2,0,0,9,1,0,,,0,,0,0
1764022166.1588979,1764022167.1588979,0,12,2,0,0,9,1,0,,,0,,0,0
1764022167.1588979,1764022168.1588979,0,12,2,0,0,9,1,0,,,0,,0,0
1764022168.1588979,1764022169.1588979,0,12,2,0,0,9,1,0,,,0,,0,0
1764022169.1588979,1764022170.1588979,0,12,2,0,0,9,1,0,,,0,,0,0
1764022170.1588979,1764022171.1588979,0,12,2,0,0,9,1,0,,,0,,0,0
1764022171.1588979,1764022172.1588979,0,12,2,0,0,9,1,0,,,0,10,1,0
1764022172.1588979,1764022173.1588979,0,12,2,0,0,9,1,0,,,0,10,1,0
1764022173.1588979,1764022174.1588979,0,12,2,0,0,9,1,0,,,0,10,1,0
1764022174.1588979,1764022175.1588979,0,12,2,0,0,9,1,0,,,0,10,1,0
1764022175.1588979,1764022176.1588979,0,12,3,0,0,9,1,0,,,0,10,1,0
1764022176.1588979,1764022177.1588979,0,12,3,0,0,9,1,0,,,0,10,1,0
1764022177.1588979,1764022178.1588979,0,12,3,0,0,9,1,0,,,0,10,1,0
1764022178.1588979,1764022179.1588979,0,12,3,0,0,9,1,0,,,0,10,1,0
1764022179.1588979,1764022180.1588979,0,12,3,0,0,9,1,0,,,0,10,1,0
1764022180.1588979,1764022181.1588979,0,12,3,0,0,9,1,0,,,0,10,1,0
1764022181.1588979,1764022182.1588979,0,12,3,0,0,9,1,0,,,0,10,1,0
1764022182.1588979,1764022183.1588979,0,12,3,0,0,9,1,0,,,0,10,1,0
1764022183.1588979,1764022184.1588979,0,12,4,0,0,9,2,0,,,0,10,2,0
1764022184.1588979,1764022185.1588979,0,12,4,0,0,9,2,0,,,0,10,3,0
1764022185.1588979,1764022186.1588979,0,12,5,0,0,9,3,0,,,0,10,4,0
1764022186.1588979,1764022187.1588979,0,12,6,0,0,9,4,0,,,0,10,5,0
1764022187.1588979,1764022188.1588979,0,12,8,0,0,9,6,0,,,0,10,7,0
1764022188.1588979,1764022189.1588979,0,12,8,0,0,9,6,0,,,0,10,7,0
1764022189.1588979,1764022190.1588979,0,12,6,0,0,9,4,0,,,0,10,4,0
1764022190.1588979,1764022191.1588979,0,12,6,0,0,9,4,0,,,0,10,4,0
1764022191.1588979,1764022192.1588979,0,12,6,0,0,9,4,0,,,0,10,4,0
1764022192.1588979,1764022193.1588979,0,12,8,0,0,9,6,0,,,0,10,6,0
1764022193.1588979,1764022194.1588979,0,12,3,0,0,9,1,0,,,0,10,1,0
1764022194.1588979,1764022195.1588979,0,12,3,0,0,9,1,0,,,0,10,1,0
1764022195.1588979,1764022196.1588979,0,12,3,0,0,9,1,0,,,0,10,1,0
1764022196.1588979,1764022197.1588979,0,12,3,0,0,9,1,0,,,0,10,1,0
1764022197.1588979,1764022198.1588979,0,12,3,0,0,9,1,0,,,0,10,1,0
1764022198.1588979,1764022199.1588979,0,12,3,0,0,9,1,0,,,0,10,2,0
1764022199.1588979,1764022200.1588979,0,12,7,0,0,9,4,0,,,0,10,6,0
1764022200.1588979,1764022201.1588979,0,12,11,0,0,9,6,0,,,0,10,10,0
1764022201.1588979,1764022202.1588979,0,13,6,0,0,9,4,0,,,0,10,1,0
1764022202.1588979,1764022203.1588979,0,13,6,0,0,9,4,0,,,0,10,1,0
1764022203.1588979,1764022204.1588979,0,13,6,0,0,9,4,0,,,0,10,1,0
1764022204.1588979,1764022205.1588979,0,13,6,0,0,9,4,0,,,0,10,1,0
1764022205.1588979,1764022206.1588979,0,13,6,0,0,9,4,0,,,0,10,1,0
1764022206.1588979,1764022207.1588979,0,13,6,0,0,9,4,0,,,0,10,1,0
1764022207.1588979,1764022208.1588979,0,13,6,0,0,9,4,0,,,0,10,1,0
1764022208.1588979,1764022209.1588979,0,13,6,0,0,9,4,0,,,0,10,1,0
1764022209.1588979,1764022210.1588979,0,13,7,0,0,9,4,0,,,0,10,2,0
1764022210.1588979,1764022211.1588979,0,13,9,0,0,9,4,0,,,0,10,4,0
1764022211.1588979,1764022212.1588979,0,13,9,0,0,9,4,0,,,0,10,4,0
1764022212.1588979,1764022213.1588979,0,13,9,0,0,9,4,0,,,0,10,4,0
1764022213.1588979,1764022214.1588979,0,13,9,0,0,9,4,0,,,0,10,4,0
1764022214.1588979,1764022215.1588979,0,13,9,0,0,9,4,0,,,0,10,3,0
1764022215.1588979,1764022216.1588979,0,13,9,0,0,9,4,0,,,0,10,3,0
1764022216.1588979,1764022217.1588979,0,13,9,0,0,9,4,0,,,0,10,3,0
1764022217.1588979,1764022218.1588979,0,13,9,0,0,9,4,0,,,0,10,3,0
1764022218.1588979,1764022219.1588979,0,13,9,0,0,9,4,0,,,0,10,3,0
1764022219.1588979,1764022220.1588979,0,13,9,0,0,9,4,0,,,0,10,3,0
1764022220.1588979,1764022221.1588979,0,13,9,0,0,9,4,0,,,0,10,3,0
1764022221.1588979,1764022222.1588979,0,13,9,0,0,9,4,0,,,0,10,3,0
1764022222.1588979,1764022223.1588979,0,13,8,0,0,9,4,0,,,0,10,2,0
1764022223.1588979,1764022224.1588979,0,13,9,0,0,9,4,0,,,0,10,3,0
1764022224.1588979,1764022225.1588979,0,13,9,0,0,9,4,0,,,0,10,3,0
1764022225.1588979,1764022226.1588979,0,13,9,0,0,9,4,0,,,0,10,3,0
1764022226.1588979,1764022227.1588979,0,13,9,0,0,9,4,0,,,0,10,3,0
1764022227.1588979,1764022228.1588979,0,13,9,0,0,9,4,0,,,0,10,3,0
1764022228.1588979,1764022229.1588979,0,13,9,0,0,9,4,0,,,0,10,3,0
1764022229.1588979,1764022230.1588979,0,12,9,0,0,9,4,0,,,0,10,2,0
1764022230.1588979,1764022231.1588979,0,12,9,0,0,9,4,0,,,0,10,2,0
1764022231.1588979,1764022232.1588979,0,12,9,0,0,9,4,0,,,0,10,3,0
1764022232.1588979,1764022233.1588979,0,12,10,0,0,9,4,0,,,0,10,4,0
1764022233.1588979,1764022234.1588979,0,12,9,0,0,9,4,0,,,0,10,3,0
1764022234.1588979,1764022235.1588979,0,12,11,0,0,9,5,0,,,0,10,5,0
1764022235.1588979,1764022236.1588979,0,12,13,0,0,9,7,0,,,0,10,7,0
1764022236.1588979,1764022237.1588979,0,12,13,0,0,9,7,0,,,0,10,7,0
1764022237.1588979,1764022238.1588979,0,12,13,0,0,9,7,0,,,0,10,7,0
1764022238.1588979,1764022239.1588979,0,12,13,0,0,9,7,0,,,0,10,7,0
1764022239.1588979,1764022240.1588979,0,12,15,0,0,9,9,0,,,0,10,9,0
1764022240.1588979,1764022241.1588979,0,12,16,0,0,9,10,0,,,0,10,9,0
1764022241.1588979,1764022242.1588979,0,12,16,0,0,9,10,0,,,0,10,7,0
1764022242.1588979,1764022243.1588979,0,12,16,0,0,9,10,0,,,0,10,7,0
1764022243.1588979,1764022244.1588979,0,12,16,0,0,9,10,0,,,0,10,7,0
1764022244.1588979,1764022245.1588979,0,12,16,0,0,9,10,0,,,0,10,3,0
1764022245.1588979,1764022246.1588979,0,12,16,0,0,9,10,0,,,0,,0,0
1764022246.1588979,1764022247.1588979,0,13,7,0,0,9,4,0,,,0,10,1,0
1764022247.1588979,1764022248.1588979,0,13,7,0,0,9,4,0,,,0,10,1,0
1764022248.1588979,1764022249.1588979,0,13,7,0,0,9,4,0,,,0,10,1,0
1764022249.1588979,1764022250.1588979,0,13,7,0,0,9,4,0,,,0,10,1,0
1764022250.1588979,1764022251.1588979,0,13,7,0,0,9,4,0,,,0,10,1,0
1764022251.1588979,1764022252.1588979,0,13,7,0,0,9,4,0,,,0,10,1,0
1764022252.1588979,1764022253.1588979,0,13,7,0,0,9,4,0,,,0,10,1,0
1764022253.1588979,1764022254.1588979,0,13,7,0,0,9,4,0,,,0,10,1,0
1764022254.1588979,1764022255.1588979,0,13,7,0,0,9,4,0,,,0,10,1,0
1764022255.1588979,1764022256.1588979,0,13,7,0,0,9,4,0,,,0,10,1,0
1764022256.1588979,1764022257.1588979,0,13,7,0,0,9,4,0,,,0,10,1,0
1764022257.1588979,1764022258.1588979,0,13,7,0,0,9,4,0,,,0,10,2,0
1764022258.1588979,1764022259.1588979,0,13,5,0,0,9,2,0,,,0,10,4,0
1764022259.1588979,1764022260.1588979,0,13,5,0,0,9,2,0,,,0,10,4,0
1764022260.1588979,1764022261.1588979,0,13,5,0,0,9,2,0,,,0,10,4,0
1764022261.1588979,1764022262.1588979,0,12,6,0,0,9,3,0,,,0,10,5,0
1764022262.1588979,1764022263.1588979,0,12,7,0,0,9,4,0,,,0,10,5,0
1764022263.1588979,1764022264.1588979,0,12,7,0,0,9,4,0,,,0,10,3,0
1764022264.1588979,1764022265.1588979,0,12,7,0,0,9,4,0,,,0,10,3,0
1764022265.1588979,1764022266.1588979,0,12,4,0,0,9,1,0,,,0,10,1,0
1764022266.1588979,1764022267.1588979,0,12,4,0,0,9,1,0,,,0,10,1,0
1764022267.1588979,1764022268.1588979,0,12,4,0,0,9,1,0,,,0,10,1,0
1764022268.1588979,1764022269.1588979,0,12,4,0,0,9,1,0,,,0,10,1,0
1764022269.1588979,1764022270.1588979,0,12,6,0,0,9,3,0,,,0,10,3,0
1764022270.1588979,1764022271.1588979,0,12,8,0,0,9,5,0,,,0,10,5,0
1764022271.1588979,1764022272.1588979,0,12,9,0,0,9,6,0,,,0,10,6,0
1764022272.1588979,1764022273.1588979,0,12,9,0,0,9,6,0,,,0,10,6,0
1764022273.1588979,1764022274.1588979,0,12,9,0,0,9,6,0,,,0,10,6,0
1764022274.1588979,1764022275.1588979,0,12,9,0,0,9,6,0,,,0,10,6,0
1764022275.1588979,1764022276.1588979,0,12,9,0,0,9,6,0,,,0,10,4,0
1764022276.1588979,1764022277.1588979,0,14,5,0,0,9,2,0,,,0,10,2,0
1764022277.1588979,1764022278.1588979,0,14,5,0,0,9,2,0,,,0,10,2,0
1764022278.1588979,1764022279.1588979,0,14,6,0,0,9,3,0,,,0,10,3,0
1764022279.1588979,1764022280.1588979,0,14,6,0,0,9,3,0,,,0,10,3,0
1764022280.1588979,1764022281.1588979,0,14,6,0,0,9,3,0,,,0,10,3,0
1764022281.1588979,1764022282.1588979,0,14,8,0,0,9,5,0,,,0,10,7,0
1764022282.1588979,1764022283.1588979,0,14,10,0,0,9,7,0,,,0,10,9,0
1764022283.1588979,1764022284.1588979,0,14,10,0,0,9,7,0,,,0,10,8,0
1764022284.1588979,1764022285.1588979,0,14,10,0,0,9,7,0,,,0,10,8,0
1764022285.1588979,1764022286.1588979,0,14,10,0,0,9,7,0,,,0,10,8,0
1764022286.1588979,1764022287.1588979,0,14,11,0,0,9,8,0,,,0,10,8,0
1764022287.1588979,1764022288.1588979,0,14,12,0,0,9,9,0,,,0,10,9,0
1764022288.1588979,1764022289.1588979,0,14,12,0,0,9,9,0,,,0,10,9,0
1764022289.1588979,1764022290.1588979,0,14,12,0,0,9,9,0,,,0,10,9,0
1764022290.1588979,1764022291.1588979,0,14,12,0,0,9,9,0,,,0,10,9,0
1764022291.1588979,1764022292.1588979,0,12,13,0,0,9,9,0,,,0,10,10,0
1764022292.1588979,1764022293.1588979,1,12,11,0,1,9,7,1,5c:a6:e6:43:3a:44,,0,10,8,1
1764022293.1588979,1764022294.1588979,1,12,11,0,1,9,7,1,5c:a6:e6:43:3a:44,,0,10,8,1
1764022294.1588979,1764022295.1588979,1,12,11,0,1,9,7,1,5c:a6:e6:43:3a:44,,0,10,8,1
1764022295.1588979,1764022296.1588979,1,12,11,0,1,9,7,1,5c:a6:e6:43:3a:44,,0,10,8,1
1764022296.1588979,1764022297.1588979,2,12,11,0,2,9,7,2,5c:a6:e6:43:3a:44,,0,10,4,2
1764022297.1588979,1764022298.1588979,2,12,11,0,2,9,7,2,5c:a6:e6:43:3a:44,,0,,0,2
1764022298.1588979,1764022299.1588979,2,12,11,0,2,9,7,2,5c:a6:e6:43:3a:44,,0,,0,2
1764022299.1588979,1764022300.1588979,2,12,11,0,2,9,7,2,5c:a6:e6:43:3a:44,,0,,0,2
1764022300.1588979,1764022301.1588979,2,12,11,0,2,9,7,2,5c:a6:e6:43:3a:44,,0,,0,2
1764022301.1588979,1764022302.1588979,2,12,11,0,2,9,7,2,5c:a6:e6:43:3a:44,,0,,0,2
1764022302.1588979,1764022303.1588979,2,12,5,0,2,9,1,2,5c:a6:e6:43:3a:44,,0,10,1,2
1764022303.1588979,1764022304.1588979,2,12,5,0,2,9,1,2,5c:a6:e6:43:3a:44,,0,10,1,2
1764022304.1588979,1764022305.1588979,3,12,5,0,3,9,1,3,5c:a6:e6:43:3a:44,,0,10,1,3
1764022305.1588979,1764022306.1588979,3,12,5,0,3,9,1,3,5c:a6:e6:43:3a:44,,0,10,1,3
1764022306.1588979,1764022307.1588979,6,12,5,0,6,9,1,6,5c:a6:e6:43:3a:44,,0,10,1,6
1764022307.1588979,1764022308.1588979,6,12,5,0,6,9,1,6,5c:a6:e6:43:3a:44,,0,10,1,6
1764022308.1588979,1764022309.1588979,7,12,5,0,7,9,1,7,5c:a6:e6:43:3a:44,,0,10,1,7
1764022309.1588979,1764022310.1588979,7,12,5,0,7,9,1,7,5c:a6:e6:43:3a:44,,0,,0,7
1764022310.1588979,1764022311.1588979,10,12,5,0,10,9,1,9,5c:a6:e6:43:3a:44,,0,10,1,9
1764022311.1588979,1764022312.1588979,10,12,5,0,10,9,1,5,5c:a6:e6:43:3a:44,,0,10,1,5
1764022312.1588979,1764022313.1588979,10,12,6,0,10,9,2,5,5c:a6:e6:43:3a:44,,0,10,2,5
1764022313.1588979,1764022314.1588979,4,12,6,0,4,9,2,4,5c:a6:e6:43:3a:44,,0,10,2,4
1764022314.1588979,1764022315.1588979,4,12,6,0,4,9,2,4,5c:a6:e6:43:3a:44,,0,10,2,4
1764022315.1588979,1764022316.1588979,3,12,6,0,3,9,2,3,5c:a6:e6:43:3a:44,,0,10,2,3
1764022316.1588979,1764022317.1588979,4,12,5,0,4,9,1,4,5c:a6:e6:43:3a:44,,0,10,1,4
1764022317.1588979,1764022318.1588979,4,12,5,0,4,9,1,4,5c:a6:e6:43:3a:44,,0,10,1,4
1764022318.1588979,1764022319.1588979,4,12,5,0,4,9,1,4,5c:a6:e6:43:3a:44,,0,10,1,4
1764022319.1588979,1764022320.1588979,4,12,5,0,4,9,1,4,5c:a6:e6:43:3a:44,,0,10,1,4
1764022320.1588979,1764022321.1588979,4,12,5,0,4,9,1,4,5c:a6:e6:43:3a:44,,0,10,1,4
1764022321.1588979,1764022322.1588979,4,12,5,0,3,9,1,3,5c:a6:e6:43:3a:44,,0,10,1,4
1764022322.1588979,1764022323.1588979,4,12,5,0,3,9,1,3,5c:a6:e6:43:3a:44,,0,10,1,4
1764022323.1588979,1764022324.1588979,4,12,5,0,3,9,1,3,5c:a6:e6:43:3a:44,,0,10,1,4
1764022324.1588979,1764022325.1588979,4,12,5,0,3,9,1,2,5c:a6:e6:43:3a:44,,0,,0,3
1764022325.1588979,1764022326.1588979,4,12,5,0,3,9,1,3,5c:a6:e6:43:3a:44,,0,,0,4
1764022326.1588979,1764022327.1588979,4,12,5,0,3,9,1,2,5c:a6:e6:43:3a:44,,0,10,1,2
1764022327.1588979,1764022328.1588979,3,12,5,0,2,9,1,2,5c:a6:e6:43:3a:44,,0,10,1,2
1764022328.1588979,1764022329.1588979,3,12,5,0,2,9,1,2,5c:a6:e6:43:3a:44,,0,10,1,2
1764022329.1588979,1764022330.1588979,3,12,5,0,2,9,1,2,5c:a6:e6:43:3a:44,,0,10,1,2
1764022330.1588979,1764022331.1588979,3,12,6,0,2,9,2,2,5c:a6:e6:43:3a:44,,0,10,2,2
1764022331.1588979,1764022332.1588979,3,12,6,0,2,9,2,1,5c:a6:e6:43:3a:44,,0,10,2,1
1764022332.1588979,1764022333.1588979,3,12,7,0,2,9,3,1,5c:a6:e6:43:3a:44,,0,10,3,1
1764022333.1588979,1764022334.1588979,3,12,7,0,2,9,3,1,5c:a6:e6:43:3a:44,,0,10,3,1
1764022334.1588979,1764022335.1588979,3,12,7,0,2,9,3,1,5c:a6:e6:43:3a:44,,0,10,3,1
1764022335.1588979,1764022336.1588979,3,12,7,0,2,9,3,0,,,0,10,3,0
1764022336.1588979,1764022337.1588979,2,12,7,0,1,9,3,1,5c:a6:e6:43:3a:44,,0,10,2,1
1764022337.1588979,1764022338.1588979,3,12,7,0,2,9,3,2,5c:a6:e6:43:3a:44,,0,10,1,2
1764022338.1588979,1764022339.1588979,3,12,7,0,2,9,3,2,5c:a6:e6:43:3a:44,,0,10,1,2
1764022339.1588979,1764022340.1588979,3,12,7,0,2,9,3,2,5c:a6:e6:43:3a:44,,0,10,1,2
1764022340.1588979,1764022341.1588979,3,12,7,0,2,9,3,2,5c:a6:e6:43:3a:44,,0,10,1,2
1764022341.1588979,1764022342.1588979,3,12,7,0,2,9,3,2,5c:a6:e6:43:3a:44,,0,,0,2
1764022342.1588979,1764022343.1588979,3,12,7,0,2,9,3,2,5c:a6:e6:43:3a:44,,0,,0,2
1764022343.1588979,1764022344.1588979,3,12,7,0,2,9,3,2,5c:a6:e6:43:3a:44,,0,,0,2
1764022344.1588979,1764022345.1588979,4,12,5,0,3,9,1,3,5c:a6:e6:43:3a:44,,0,10,1,3
1764022345.1588979,1764022346.1588979,4,12,5,0,3,9,1,3,5c:a6:e6:43:3a:44,,0,10,1,3
1764022346.1588979,1764022347.1588979,4,12,6,0,3,9,2,2,5c:a6:e6:43:3a:44,,0,10,2,2
1764022347.1588979,1764022348.1588979,4,12,6,0,3,9,2,2,5c:a6:e6:43:3a:44,,0,10,2,2
1764022348.1588979,1764022349.1588979,5,12,6,0,4,9,2,4,5c:a6:e6:43:3a:44,,0,10,2,4
1764022349.1588979,1764022350.1588979,4,12,8,0,3,9,4,3,5c:a6:e6:43:3a:44,,0,10,4,3
1764022350.1588979,1764022351.1588979,4,12,8,0,3,9,4,3,5c:a6:e6:43:3a:44,,0,10,4,3
1764022351.1588979,1764022352.1588979,4,12,8,0,3,9,4,3,5c:a6:e6:43:3a:44,,0,10,3,3
1764022352.1588979,1764022353.1588979,5,12,8,0,3,9,4,4,5c:a6:e6:43:3a:44,,0,10,3,4
1764022353.1588979,1764022354.1588979,5,12,5,0,3,9,1,3,5c:a6:e6:43:3a:44,,0,10,1,3
1764022354.1588979,1764022355.1588979,5,12,5,0,3,9,1,2,5c:a6:e6:43:3a:44,,0,10,1,2
1764022355.1588979,1764022356.1588979,5,12,5,0,3,9,1,2,5c:a6:e6:43:3a:44,,0,10,1,2
1764022356.1588979,1764022357.1588979,5,12,6,0,3,9,2,2,5c:a6:e6:43:3a:44,,0,10,2,2
1764022357.1588979,1764022358.1588979,5,12,6,0,3,9,2,0,,,0,10,2,0
1764022358.1588979,1764022359.1588979,5,12,7,0,3,9,3,0,,,0,10,3,0
1764022359.1588979,1764022360.1588979,5,12,8,0,3,9,4,0,,,0,10,4,0
1764022360.1588979,1764022361.1588979,5,12,5,0,3,9,1,0,,,0,10,1,0
1764022361.1588979,1764022362.1588979,5,12,5,0,3,9,1,0,,,0,10,1,0
1764022362.1588979,1764022363.1588979,5,12,5,0,3,9,1,0,,,0,10,1,0
1764022363.1588979,1764022364.1588979,5,12,5,0,3,9,1,0,,,0,10,1,0
1764022364.1588979,1764022365.1588979,5,12,5,0,3,9,1,0,,,0,10,1,0
1764022365.1588979,1764022366.1588979,5,12,5,0,3,9,1,0,,,0,10,1,0
1764022366.1588979,1764022367.1588979,5,12,7,0,3,9,3,0,,,0,10,3,0
1764022367.1588979,1764022368.1588979,5,12,9,0,3,9,5,0,,,0,10,5,0
1764022368.1588979,1764022369.1588979,5,12,9,0,3,9,5,0,,,0,10,5,0
1764022369.1588979,1764022370.1588979,5,12,9,0,3,9,5,0,,,0,10,5,0
1764022370.1588979,1764022371.1588979,5,12,6,0,3,9,2,0,,,0,10,2,0
1764022371.1588979,1764022372.1588979,5,12,6,0,3,9,2,0,,,0,10,2,0
1764022372.1588979,1764022373.1588979,5,12,6,0,3,9,2,0,,,0,10,2,0
1764022373.1588979,1764022374.1588979,5,12,6,0,3,9,2,0,,,0,10,2,0
1764022374.1588979,1764022375.1588979,5,12,6,0,3,9,2,0,,,0,10,2,0
1764022375.1588979,1764022376.1588979,5,12,6,0,3,9,2,0,,,0,10,2,0
1764022376.1588979,1764022377.1588979,5,12,5,0,3,9,1,0,,,0,10,1,0
1764022377.1588979,1764022378.1588979,5,12,5,0,3,9,1,0,,,0,10,1,0
1764022378.1588979,1764022379.1588979,5,12,5,0,3,9,1,0,,,0,10,1,0
1764022379.1588979,1764022380.1588979,5,12,5,0,3,9,1,0,,,0,10,1,0
1764022380.1588979,1764022381.1588979,5,12,5,0,3,9,1,0,,,0,10,1,0
1764022381.1588979,1764022382.1588979,5,12,5,0,3,9,1,0,,,0,10,1,0
1764022382.1588979,1764022383.1588979,5,12,5,0,3,9,1,0,,,0,10,1,0
1764022383.1588979,1764022384.1588979,5,12,5,0,3,9,1,0,,,0,10,1,0
1764022384.1588979,1764022385.1588979,5,12,6,0,3,9,2,0,,,0,10,2,0
1764022385.1588979,1764022386.1588979,5,12,7,0,3,9,3,0,,,0,10,3,0
1764022386.1588979,1764022387.1588979,5,12,7,0,3,9,3,0,,,0,10,3,0
1764022387.1588979,1764022388.1588979,5,12,7,0,3,9,3,0,,,0,10,3,0
1764022388.1588979,1764022389.1588979,5,12,7,0,3,9,3,0,,,0,10,3,0
1764022389.1588979,1764022390.1588979,5,12,7,0,3,9,3,0,,,0,10,3,0
1764022390.1588979,1764022391.1588979,5,12,7,0,3,9,3,0,,,0,10,3,0
1764022391.1588979,1764022392.1588979,5,12,7,0,3,9,3,0,,,0,10,3,0
1764022392.1588979,1764022393.1588979,5,12,9,0,3,9,5,0,,,0,10,7,0
1764022393.1588979,1764022394.1588979,5,12,10,0,3,9,5,0,,,0,10,7,0
1764022394.1588979,1764022395.1588979,5,12,13,0,3,9,7,0,,,0,10,10,0
1764022395.1588979,1764022396.1588979,5,12,13,0,3,9,7,0,,,0,10,10,0
1764022396.1588979,1764022397.1588979,5,12,10,0,3,9,4,0,,,0,10,5,0
1764022397.1588979,1764022398.1588979,5,12,10,0,3,9,4,0,,,0,10,5,0
1764022398.1588979,1764022399.1588979,5,12,10,0,3,9,4,0,,,0,10,5,0
1764022399.1588979,1764022400.1588979,5,12,8,0,3,9,3,0,,,0,10,3,0
1764022400.1588979,1764022401.1588979,5,12,10,0,3,9,4,0,,,0,10,4,0
1764022401.1588979,1764022402.1588979,5,12,12,0,3,9,6,0,,,0,10,6,0
1764022402.1588979,1764022403.1588979,5,12,12,0,3,9,6,0,,,0,10,6,0
1764022403.1588979,1764022404.1588979,5,12,13,0,3,9,7,0,,,0,10,7,0
1764022404.1588979,1764022405.1588979,5,12,13,0,3,9,7,0,,,0,10,7,0
1764022405.1588979,1764022406.1588979,5,12,17,0,3,9,11,0,,,0,10,11,0
1764022406.1588979,1764022407.1588979,5,12,16,0,3,9,10,0,,,0,10,10,0
1764022407.1588979,1764022408.1588979,5,12,16,0,3,9,10,0,,,0,10,10,0
1764022408.1588979,1764022409.1588979,5,12,20,0,3,9,14,0,,,0,10,14,0
1764022409.1588979,1764022410.1588979,5,12,21,0,3,9,15,0,,,0,10,15,0
1764022410.1588979,1764022411.1588979,5,12,22,0,3,9,16,0,,,0,10,16,0
1764022411.1588979,1764022412.1588979,5,12,26,0,3,9,20,0,,,0,10,20,0
1764022412.1588979,1764022413.1588979,5,12,11,0,3,9,5,0,,,0,10,5,0
1764022413.1588979,1764022414.1588979,5,12,11,0,3,9,5,0,,,0,10,5,0
1764022414.1588979,1764022415.1588979,5,12,11,0,3,9,5,0,,,0,10,5,0
1764022415.1588979,1764022416.1588979,5,12,11,0,3,9,5,0,,,0,10,5,0
1764022416.1588979,1764022417.1588979,5,12,7,0,3,9,3,0,,,0,10,1,0
1764022417.1588979,1764022418.1588979,5,12,7,0,3,9,3,0,,,0,10,1,0
1764022418.1588979,1764022419.1588979,5,12,7,0,3,9,3,0,,,0,10,1,0
1764022419.1588979,1764022420.1588979,5,12,7,0,3,9,3,0,,,0,10,1,0
1764022420.1588979,1764022421.1588979,5,12,7,0,3,9,3,0,,,0,10,1,0
1764022421.1588979,1764022422.1588979,5,12,7,0,3,9,3,0,,,0,10,1,0
1764022422.1588979,1764022423.1588979,5,12,8,0,3,9,3,0,,,0,10,2,0
1764022423.1588979,1764022424.1588979,5,12,10,0,3,9,4,0,,,0,10,4,0
1764022424.1588979,1764022425.1588979,5,12,10,0,3,9,4,0,,,0,10,4,0
1764022425.1588979,1764022426.1588979,5,12,8,0,3,9,3,0,,,0,10,2,0
1764022426.1588979,1764022427.1588979,5,12,8,0,3,9,3,0,,,0,10,2,0
1764022427.1588979,1764022428.1588979,5,12,8,0,3,9,3,0,,,0,10,2,0
1764022428.1588979,1764022429.1588979,5,12,8,0,3,9,3,0,,,0,10,2,0
1764022429.1588979,1764022430.1588979,5,12,9,0,3,9,3,0,,,0,10,3,0
1764022430.1588979,1764022431.1588979,5,12,7,0,3,9,3,0,,,0,10,1,0
1764022431.1588979,1764022432.1588979,5,12,7,0,3,9,3,0,,,0,10,1,0
1764022432.1588979,1764022433.1588979,5,12,7,0,3,9,3,0,,,0,10,1,0
1764022433.1588979,1764022434.1588979,5,12,7,0,3,9,3,0,,,0,10,1,0
1764022434.1588979,1764022435.1588979,5,12,7,0,3,9,3,0,,,0,10,1,0
1764022435.1588979,1764022436.1588979,5,12,7,0,3,9,3,0,,,0,10,1,0
1764022436.1588979,1764022437.1588979,5,12,7,0,3,9,3,0,,,0,10,1,0
1764022437.1588979,1764022438.1588979,5,12,7,0,3,9,3,0,,,0,10,1,0
1764022438.1588979,1764022439.1588979,5,12,7,0,3,9,3,0,,,0,10,1,0
1764022439.1588979,1764022440.1588979,5,12,7,0,3,9,3,0,,,0,10,1,0
1764022440.1588979,1764022441.1588979,5,12,8,0,3,9,3,0,,,0,10,2,0
1764022441.1588979,1764022442.1588979,5,12,7,0,3,9,3,0,,,0,10,1,0
1764022442.1588979,1764022443.1588979,5,12,7,0,3,9,3,0,,,0,10,1,0
1764022443.1588979,1764022444.1588979,5,12,7,0,3,9,3,0,,,0,10,1,0
1764022444.1588979,1764022445.1588979,5,12,7,0,3,9,3,0,,,0,10,1,0
1764022445.1588979,1764022446.1588979,5,12,7,0,3,9,3,0,,,0,10,1,0
1764022446.1588979,1764022447.1588979,5,12,7,0,3,9,3,0,,,0,10,1,0
1764022447.1588979,1764022448.1588979,5,12,7,0,3,9,3,0,,,0,10,1,0
1764022448.1588979,1764022449.1588979,5,12,8,0,3,9,3,0,,,0,10,2,0
1764022449.1588979,1764022450.1588979,5,12,9,0,3,9,3,0,,,0,10,3,0
1764022450.1588979,1764022451.1588979,5,12,9,0,3,9,3,0,,,0,10,3,0
1764022451.1588979,1764022452.1588979,5,12,9,0,3,9,3,0,,,0,10,3,0
1764022452.1588979,1764022453.1588979,5,12,10,0,3,9,4,0,,,0,10,4,0
1764022453.1588979,1764022454.1588979,5,12,10,0,3,9,4,0,,,0,10,3,0
1764022454.1588979,1764022455.1588979,5,12,10,0,3,9,4,0,,,0,10,2,0
1764022455.1588979,1764022456.1588979,5,12,10,0,3,9,4,0,,,0,10,2,0
1764022456.1588979,1764022457.1588979,5,12,9,0,3,9,3,0,,,0,10,3,0
1764022457.1588979,1764022458.1588979,5,12,8,0,3,9,3,0,,,0,10,2,0
1764022458.1588979,1764022459.1588979,5,12,8,0,3,9,3,0,,,0,10,2,0
1764022459.1588979,1764022460.1588979,5,12,8,0,3,9,3,0,,,0,10,2,0
1764022460.1588979,1764022461.1588979,5,12,8,0,3,9,3,0,,,0,10,2,0
1764022461.1588979,1764022462.1588979,5,12,9,0,3,9,3,0,,,0,10,3,0
1764022462.1588979,1764022463.1588979,5,12,9,0,3,9,3,0,,,0,10,3,0
1764022463.1588979,1764022464.1588979,5,12,10,0,3,9,4,0,,,0,10,4,0
1764022464.1588979,1764022465.1588979,5,12,7,0,3,9,3,0,,,0,10,1,0
1764022465.1588979,1764022466.1588979,5,12,7,0,3,9,3,0,,,0,10,1,0
1764022466.1588979,1764022467.1588979,5,12,7,0,3,9,3,0,,,0,10,1,0
1764022467.1588979,1764022468.1588979,5,12,7,0,3,9,3,0,,,0,10,1,0
1764022468.1588979,1764022469.1588979,5,12,7,0,3,9,3,0,,,0,10,1,0
1764022469.1588979,1764022470.1588979,5,12,7,0,3,9,3,0,,,0,10,1,0
1764022470.1588979,1764022471.1588979,5,12,8,0,3,9,3,0,,,0,10,2,0
1764022471.1588979,1764022472.1588979,5,12,15,0,3,9,9,0,,,0,10,9,0
1764022472.1588979,1764022473.1588979,5,12,22,0,3,9,16,0,,,0,10,16,0
1764022473.1588979,1764022474.1588979,5,12,31,0,3,9,25,0,,,0,10,25,0
1764022474.1588979,1764022475.1588979,5,12,41,0,3,9,35,0,,,0,10,35,0
1764022475.1588979,1764022476.1588979,5,12,49,0,3,9,43,0,,,0,10,43,0
1764022476.1588979,1764022477.1588979,5,12,49,0,3,9,43,0,,,0,10,43,0
1764022477.1588979,1764022478.1588979,5,12,51,0,3,9,45,0,,,0,10,45,0
1764022478.1588979,1764022479.1588979,5,12,47,0,3,9,41,0,,,0,10,41,0
1764022479.1588979,1764022480.1588979,5,12,41,0,3,9,35,0,,,0,10,35,0
1764022480.1588979,1764022481.1588979,5,12,41,0,3,9,35,0,,,0,10,35,0
1764022481.1588979,1764022482.1588979,5,12,34,0,3,9,28,0,,,0,10,28,0
1764022482.1588979,1764022483.1588979,5,12,20,0,3,9,14,0,,,0,10,14,0
1764022483.1588979,1764022484.1588979,5,12,20,0,3,9,14,0,,,0,10,13,0
1764022484.1588979,1764022485.1588979,5,12,20,0,3,9,14,0,,,0,10,8,0
1764022485.1588979,1764022486.1588979,5,12,20,0,3,9,14,0,,,0,10,4,0
1764022486.1588979,1764022487.1588979,5,12,8,0,3,9,3,0,,,0,10,2,0
1764022487.1588979,1764022488.1588979,5,12,8,0,3,9,3,0,,,0,10,2,0
1764022488.1588979,1764022489.1588979,5,12,8,0,3,9,3,0,,,0,10,2,0
1764022489.1588979,1764022490.1588979,5,12,15,0,3,9,9,0,,,0,10,10,0
1764022490.1588979,1764022491.1588979,5,12,19,0,3,9,13,0,,,0,10,14,0
1764022491.1588979,1764022492.1588979,5,12,24,0,3,9,18,0,,,0,10,19,0
1764022492.1588979,1764022493.1588979,5,12,33,0,3,9,27,0,,,0,10,28,0
1764022493.1588979,1764022494.1588979,5,12,40,0,3,9,34,0,,,0,10,35,0
1764022494.1588979,1764022495.1588979,5,12,34,0,3,9,30,0,,,0,10,31,0
1764022495.1588979,1764022496.1588979,5,12,36,0,3,9,32,0,,,0,10,33,0
1764022496.1588979,1764022497.1588979,5,12,38,0,3,9,34,0,,,0,10,35,0
1764022497.1588979,1764022498.1588979,5,12,36,0,3,9,32,0,,,0,10,33,0
1764022498.1588979,1764022499.1588979,5,12,37,0,3,9,33,0,,,0,10,34,0
1764022499.1588979,1764022500.1588979,5,12,41,0,3,9,37,0,,,0,10,37,0
1764022500.1588979,1764022501.1588979,5,12,42,0,3,9,38,0,,,0,10,38,0
1764022501.1588979,1764022502.1588979,5,12,41,0,3,9,37,0,,,0,10,37,0
1764022502.1588979,1764022503.1588979,5,12,40,0,3,9,36,0,,,0,10,36,0
1764022503.1588979,1764022504.1588979,5,12,37,0,3,9,33,0,,,0,10,33,0
1764022504.1588979,1764022505.1588979,5,12,36,0,3,9,32,0,,,0,10,32,0
1764022505.1588979,1764022506.1588979,5,12,36,0,3,9,32,0,,,0,10,32,0
1764022506.1588979,1764022507.1588979,5,12,37,0,3,9,33,0,,,0,10,33,0
1764022507.1588979,1764022508.1588979,5,12,21,0,3,9,17,0,,,0,10,17,0
1764022508.1588979,1764022509.1588979,5,12,21,0,3,9,17,0,,,0,10,17,0
1764022509.1588979,1764022510.1588979,5,12,15,0,3,9,11,0,,,0,10,11,0
1764022510.1588979,1764022511.1588979,5,12,9,0,3,9,5,0,,,0,10,5,0
1764022511.1588979,1764022512.1588979,5,12,9,0,3,9,5,0,,,0,10,5,0
1764022512.1588979,1764022513.1588979,5,12,10,0,3,9,5,0,,,0,10,2,0
1764022513.1588979,1764022514.1588979,5,12,10,0,3,9,5,0,,,0,10,2,0
1764022514.1588979,1764022515.1588979,5,12,10,0,3,9,5,0,,,0,10,2,0
1764022515.1588979,1764022516.1588979,5,12,10,0,3,9,5,0,,,0,10,2,0
1764022516.1588979,1764022517.1588979,5,12,6,0,3,9,1,0,,,0,10,2,0
1764022517.1588979,1764022518.1588979,5,12,6,0,3,9,1,0,,,0,10,2,0
1764022518.1588979,1764022519.1588979,5,12,8,0,3,9,3,0,,,0,10,4,0
1764022519.1588979,1764022520.1588979,5,12,9,0,3,9,4,0,,,0,10,5,0
1764022520.1588979,1764022521.1588979,5,12,9,0,3,9,4,0,,,0,10,5,0
1764022521.1588979,1764022522.1588979,5,12,14,0,3,9,9,0,,,0,10,9,0
1764022522.1588979,1764022523.1588979,5,12,18,0,3,9,13,0,,,0,10,11,0
1764022523.1588979,1764022524.1588979,5,12,18,0,3,9,13,0,,,0,10,11,0
1764022524.1588979,1764022525.1588979,5,12,18,0,3,9,13,0,,,0,10,11,0
1764022525.1588979,1764022526.1588979,5,12,17,0,3,9,12,0,,,0,10,13,0
1764022526.1588979,1764022527.1588979,5,12,11,0,3,9,6,0,,,0,10,7,0
1764022527.1588979,1764022528.1588979,5,12,12,0,3,9,7,0,,,0,10,7,0
1764022528.1588979,1764022529.1588979,5,12,12,0,3,9,7,0,,,0,10,7,0
1764022529.1588979,1764022530.1588979,5,12,12,0,3,9,7,0,,,0,10,7,0
1764022530.1588979,1764022531.1588979,5,12,12,0,3,9,7,0,,,0,10,7,0
1764022531.1588979,1764022532.1588979,5,12,8,0,3,9,3,0,,,0,10,3,0
1764022532.1588979,1764022533.1588979,5,12,8,0,3,9,3,0,,,0,10,3,0
1764022533.1588979,1764022534.1588979,5,12,8,0,3,9,3,0,,,0,10,3,0
1764022534.1588979,1764022535.1588979,5,12,15,0,3,9,10,0,,,0,10,10,0
1764022535.1588979,1764022536.1588979,5,12,22,0,3,9,17,0,,,0,10,17,0
1764022536.1588979,1764022537.1588979,5,12,28,0,3,9,23,0,,,0,10,23,0
1764022537.1588979,1764022538.1588979,5,12,33,0,3,9,28,0,,,0,10,28,0
1764022538.1588979,1764022539.1588979,5,12,38,0,3,9,33,0,,,0,10,33,0
1764022539.1588979,1764022540.1588979,5,12,6,0,3,9,1,0,,,0,10,1,0
1764022540.1588979,1764022541.1588979,5,12,6,0,3,9,1,0,,,0,10,1,0
1764022541.1588979,1764022542.1588979,5,12,6,0,3,9,1,0,,,0,10,1,0
1764022542.1588979,1764022543.1588979,5,12,6,0,3,9,1,0,,,0,10,1,0
1764022543.1588979,1764022544.1588979,5,12,6,0,3,9,1,0,,,0,10,1,0
1764022544.1588979,1764022545.1588979,5,12,6,0,3,9,1,0,,,0,10,1,0
1764022545.1588979,1764022546.1588979,5,12,6,0,3,9,1,0,,,0,10,1,0
1764022546.1588979,1764022547.1588979,5,12,10,0,3,9,5,0,,,0,10,5,0
1764022547.1588979,1764022548.1588979,5,12,14,0,3,9,9,0,,,0,10,9,0
1764022548.1588979,1764022549.1588979,5,12,14,0,3,9,9,0,,,0,10,9,0
1764022579.2776513,1764022580.2776513,0,0,2,0,0,0,2,0,,,0,10,2,0
1764022580.2776513,1764022581.2776513,0,0,6,0,0,0,6,0,,,0,10,6,0
1764022581.2776513,1764022582.2776513,0,0,6,0,0,0,6,0,,,0,10,6,0
1764022582.2776513,1764022583.2776513,0,0,16,0,0,0,16,0,,,0,10,16,0
1764022583.2776513,1764022584.2776513,0,0,24,0,0,0,24,0,,,0,10,24,0
1764022584.2776513,1764022585.2776513,0,0,34,0,0,0,34,0,,,0,10,34,0
1764022585.2776513,1764022586.2776513,0,0,38,0,0,0,38,0,,,0,10,38,0
1764022586.2776513,1764022587.2776513,0,0,47,0,0,0,47,0,,,0,10,47,0
1764022587.2776513,1764022588.2776513,0,0,47,0,0,0,47,0,,,0,10,47,0
1764022588.2776513,1764022589.2776513,0,0,44,0,0,0,44,0,,,0,10,44,0
1764022589.2776513,1764022590.2776513,0,0,44,0,0,0,44,0,,,0,10,44,0
1764022590.2776513,1764022591.2776513,0,0,46,0,0,0,46,0,,,0,10,46,0
1764022591.2776513,1764022592.2776513,0,2,45,0,0,2,44,0,,,0,10,45,0
1764022592.2776513,1764022593.2776513,0,2,44,0,0,2,43,0,,,0,10,44,0
1764022593.2776513,1764022594.2776513,0,2,44,0,0,2,43,0,,,0,10,44,0
1764022594.2776513,1764022595.2776513,0,2,44,0,0,2,43,0,,,0,10,44,0
1764022595.2776513,1764022596.2776513,0,2,44,0,0,2,42,0,,,0,10,44,0
1764022596.2776513,1764022597.2776513,0,2,45,0,0,2,43,0,,,0,10,44,0
1764022597.2776513,1764022598.2776513,0,2,43,0,0,2,41,0,,,0,10,42,0
1764022598.2776513,1764022599.2776513,0,2,31,0,0,2,29,0,,,0,10,30,0
1764022599.2776513,1764022600.2776513,0,2,31,0,0,2,29,0,,,0,10,30,0
1764022600.2776513,1764022601.2776513,0,2,21,0,0,2,19,0,,,0,10,19,0
1764022601.2776513,1764022602.2776513,0,2,19,0,0,2,17,0,,,0,10,17,0
1764022602.2776513,1764022603.2776513,0,2,12,0,0,2,10,0,,,0,10,10,0
1764022603.2776513,1764022604.2776513,0,2,15,0,0,2,13,0,,,0,10,13,0
1764022604.2776513,1764022605.2776513,0,2,13,0,0,2,11,0,,,0,10,11,0
1764022605.2776513,1764022606.2776513,0,2,15,0,0,2,13,0,,,0,10,13,0
1764022606.2776513,1764022607.2776513,0,2,13,0,0,2,11,0,,,0,10,11,0
1764022607.2776513,1764022608.2776513,0,2,14,0,0,2,12,0,,,0,10,12,0
1764022608.2776513,1764022609.2776513,0,2,15,0,0,2,12,0,,,0,10,13,0
1764022609.2776513,1764022610.2776513,0,2,14,0,0,2,11,0,,,0,10,12,0
1764022610.2776513,1764022611.2776513,0,2,13,0,0,2,10,0,,,0,10,11,0
1764022611.2776513,1764022612.2776513,0,2,6,0,0,2,3,0,,,0,10,3,0
1764022612.2776513,1764022613.2776513,0,2,6,0,0,2,3,0,,,0,10,3,0
1764022613.2776513,1764022614.2776513,0,2,6,0,0,2,3,0,,,0,10,3,0
1764022614.2776513,1764022615.2776513,0,2,6,0,0,2,3,0,,,0,10,3,0
1764022615.2776513,1764022616.2776513,0,2,9,0,0,2,6,0,,,0,10,6,0
1764022616.2776513,1764022617.2776513,0,2,12,0,0,2,9,0,,,0,10,9,0
1764022617.2776513,1764022618.2776513,0,2,14,0,0,2,11,0,,,0,10,11,0
1764022618.2776513,1764022619.2776513,0,2,14,0,0,2,11,0,,,0,10,11,0
1764022619.2776513,1764022620.2776513,0,2,19,0,0,2,16,0,,,0,10,16,0
1764022620.2776513,1764022621.2776513,0,2,23,0,0,2,20,0,,,0,10,20,0
1764022621.2776513,1764022622.2776513,0,1,25,0,0,1,22,0,,,0,10,23,0
1764022622.2776513,1764022623.2776513,0,1,31,0,0,1,28,0,,,0,10,29,0
1764022623.2776513,1764022624.2776513,0,1,38,0,0,1,35,0,,,0,10,36,0
1764022624.2776513,1764022625.2776513,0,1,40,0,0,1,37,0,,,0,10,38,0
1764022625.2776513,1764022626.2776513,0,1,39,0,0,1,36,0,,,0,10,37,0
1764022626.2776513,1764022627.2776513,0,1,38,0,0,1,35,0,,,0,10,36,0
1764022627.2776513,1764022628.2776513,0,1,37,0,0,1,34,0,,,0,10,35,0
1764022628.2776513,1764022629.2776513,0,1,38,0,0,1,35,0,,,0,10,36,0
1764022629.2776513,1764022630.2776513,0,1,35,0,0,1,32,0,,,0,10,33,0
1764022630.2776513,1764022631.2776513,0,1,35,0,0,1,32,0,,,0,10,33,0
1764022631.2776513,1764022632.2776513,0,1,31,0,0,1,28,0,,,0,10,28,0
1764022632.2776513,1764022633.2776513,0,1,27,0,0,1,24,0,,,0,10,24,0
1764022633.2776513,1764022634.2776513,0,1,23,0,0,1,20,0,,,0,10,20,0
1764022634.2776513,1764022635.2776513,0,1,23,0,0,1,20,0,,,0,10,20,0
1764022635.2776513,1764022636.2776513,0,1,15,0,0,1,12,0,,,0,10,12,0
1764022636.2776513,1764022637.2776513,0,1,17,0,0,1,14,0,,,0,10,14,0
1764022637.2776513,1764022638.2776513,0,1,17,0,0,1,14,0,,,0,10,14,0
1764022638.2776513,1764022639.2776513,0,1,12,0,0,1,9,0,,,0,10,9,0
1764022639.2776513,1764022640.2776513,0,1,12,0,0,1,9,0,,,0,10,9,0
1764022640.2776513,1764022641.2776513,0,1,7,0,0,1,4,0,,,0,10,4,0
1764022641.2776513,1764022642.2776513,0,1,7,0,0,1,4,0,,,0,10,4,0
1764022642.2776513,1764022643.2776513,0,1,13,0,0,1,10,0,,,0,10,10,0
1764022643.2776513,1764022644.2776513,0,1,16,0,0,1,13,0,,,0,10,13,0
1764022644.2776513,1764022645.2776513,0,1,23,0,0,1,20,0,,,0,10,20,0
1764022645.2776513,1764022646.2776513,0,1,31,0,0,1,28,0,,,0,10,28,0
1764022646.2776513,1764022647.2776513,0,1,34,0,0,1,31,0,,,0,10,31,0
1764022647.2776513,1764022648.2776513,0,1,15,0,0,1,12,0,,,0,10,12,0
1764022648.2776513,1764022649.2776513,0,1,15,0,0,1,12,0,,,0,10,12,0
1764022649.2776513,1764022650.2776513,0,1,15,0,0,1,12,0,,,0,10,12,0
1764022650.2776513,1764022651.2776513,0,1,15,0,0,1,12,0,,,0,10,12,0
1764022651.2776513,1764022652.2776513,0,1,6,0,0,1,3,0,,,0,10,3,0
1764022652.2776513,1764022653.2776513,0,1,6,0,0,1,3,0,,,0,10,3,0
1764022653.2776513,1764022654.2776513,0,1,7,0,0,1,4,0,,,0,10,4,0
1764022654.2776513,1764022655.2776513,0,1,7,0,0,1,4,0,,,0,10,4,0
1764022655.2776513,1764022656.2776513,0,1,8,0,0,1,5,0,,,0,10,5,0
1764022656.2776513,1764022657.2776513,0,1,9,0,0,1,6,0,,,0,10,6,0
1764022657.2776513,1764022658.2776513,0,1,14,0,0,1,11,0,,,0,10,11,0
1764022658.2776513,1764022659.2776513,0,1,20,0,0,1,17,0,,,0,10,18,0
1764022659.2776513,1764022660.2776513,0,1,25,0,0,1,22,0,,,0,10,23,0
1764022660.2776513,1764022661.2776513,0,1,30,0,0,1,27,0,,,0,10,28,0
1764022661.2776513,1764022662.2776513,0,1,38,0,0,1,34,0,,,0,10,36,0
1764022662.2776513,1764022663.2776513,0,1,40,0,0,1,36,0,,,0,10,39,0
1764022663.2776513,1764022664.2776513,0,1,40,0,0,1,36,0,,,0,10,38,0
1764022664.2776513,1764022665.2776513,0,1,43,0,0,1,39,0,,,0,10,41,0
1764022665.2776513,1764022666.2776513,0,1,43,0,0,1,39,0,,,0,10,42,0
1764022666.2776513,1764022667.2776513,0,1,42,0,0,1,38,0,,,0,10,40,0
1764022667.2776513,1764022668.2776513,0,1,44,0,0,1,40,0,,,0,10,41,0
1764022668.2776513,1764022669.2776513,0,1,46,0,0,1,42,0,,,0,10,43,0
1764022669.2776513,1764022670.2776513,0,1,45,0,0,1,41,0,,,0,10,43,0
1764022670.2776513,1764022671.2776513,0,1,39,0,0,1,35,0,,,0,10,37,0
1764022671.2776513,1764022672.2776513,0,1,39,0,0,1,35,0,,,0,10,37,0
1764022672.2776513,1764022673.2776513,0,1,30,0,0,1,26,0,,,0,10,28,0
1764022673.2776513,1764022674.2776513,0,1,13,0,0,1,9,0,,,0,10,9,0
1764022674.2776513,1764022675.2776513,0,1,13,0,0,1,9,0,,,0,10,9,0
1764022675.2776513,1764022676.2776513,0,1,5,0,0,1,2,0,,,0,10,1,0
1764022676.2776513,1764022677.2776513,0,1,5,0,0,1,2,0,,,0,10,1,0
1764022677.2776513,1764022678.2776513,0,1,5,0,0,1,2,0,,,0,10,1,0
1764022678.2776513,1764022679.2776513,0,1,5,0,0,1,2,0,,,0,10,1,0
1764022679.2776513,1764022680.2776513,0,1,5,0,0,1,2,0,,,0,10,1,0
1764022680.2776513,1764022681.2776513,0,1,5,0,0,1,2,0,,,0,10,1,0
1764022681.2776513,1764022682.2776513,0,1,6,0,0,1,2,0,,,0,10,2,0
1764022682.2776513,1764022683.2776513,0,1,6,0,0,1,2,0,,,0,10,2,0
1764022683.2776513,1764022684.2776513,0,1,7,0,0,1,4,0,,,0,10,5,0
1764022684.2776513,1764022685.2776513,0,1,10,0,0,1,7,0,,,0,10,8,0
1764022685.2776513,1764022686.2776513,0,1,12,0,0,1,8,0,,,0,10,10,0
1764022686.2776513,1764022687.2776513,0,1,12,0,0,1,8,0,,,0,10,10,0
1764022687.2776513,1764022688.2776513,0,1,12,0,0,1,8,0,,,0,10,10,0
1764022688.2776513,1764022689.2776513,0,1,15,0,0,1,11,0,,,0,10,12,0
1764022689.2776513,1764022690.2776513,0,1,16,0,0,1,12,0,,,0,10,13,0
1764022690.2776513,1764022691.2776513,0,1,16,0,0,1,12,0,,,0,10,12,0
1764022691.2776513,1764022692.2776513,0,1,21,0,0,1,17,0,,,0,10,17,0
1764022692.2776513,1764022693.2776513,0,1,19,0,0,1,15,0,,,0,10,15,0
1764022693.2776513,1764022694.2776513,0,1,19,0,0,1,15,0,,,0,10,15,0
1764022694.2776513,1764022695.2776513,0,1,20,0,0,1,16,0,,,0,10,16,0
1764022695.2776513,1764022696.2776513,0,1,23,0,0,1,20,0,,,0,10,21,0
1764022696.2776513,1764022697.2776513,0,1,25,0,0,1,22,0,,,0,10,23,0
1764022697.2776513,1764022698.2776513,0,1,25,0,0,1,21,0,,,0,10,24,0
1764022698.2776513,1764022699.2776513,0,1,27,0,0,1,23,0,,,0,10,26,0
1764022699.2776513,1764022700.2776513,0,1,24,0,0,1,20,0,,,0,10,23,0
1764022700.2776513,1764022701.2776513,0,1,17,0,0,1,13,0,,,0,10,15,0
1764022701.2776513,1764022702.2776513,0,1,17,0,0,1,13,0,,,0,10,15,0
1764022702.2776513,1764022703.2776513,0,1,14,0,0,1,10,0,,,0,10,11,0
1764022703.2776513,1764022704.2776513,0,1,14,0,0,1,10,0,,,0,10,10,0
1764022704.2776513,1764022705.2776513,0,1,14,0,0,1,10,0,,,0,10,10,0
1764022705.2776513,1764022706.2776513,0,1,14,0,0,1,10,0,,,0,10,11,0
1764022706.2776513,1764022707.2776513,0,1,14,0,0,1,10,0,,,0,10,11,0
1764022707.2776513,1764022708.2776513,0,1,12,0,0,1,5,0,,,0,10,9,0
1764022708.2776513,1764022709.2776513,0,1,12,0,0,1,5,0,,,0,10,9,0
1764022709.2776513,1764022710.2776513,0,1,9,0,0,1,5,0,,,0,10,2,0
1764022710.2776513,1764022711.2776513,0,1,9,0,0,1,5,0,,,0,10,2,0
1764022711.2776513,1764022712.2776513,0,1,9,0,0,1,5,0,,,0,10,2,0
1764022712.2776513,1764022713.2776513,0,1,9,0,0,1,5,0,,,0,10,2,0
1764022713.2776513,1764022714.2776513,0,1,9,0,0,1,5,0,,,0,10,2,0
1764022714.2776513,1764022715.2776513,0,1,9,0,0,1,5,0,,,0,10,2,0
1764022715.2776513,1764022716.2776513,0,1,6,0,0,1,2,0,,,0,10,4,0
1764022716.2776513,1764022717.2776513,0,1,11,0,0,1,6,0,,,0,10,9,0
1764022717.2776513,1764022718.2776513,0,1,12,0,0,1,7,0,,,0,10,9,0
1764022718.2776513,1764022719.2776513,0,1,12,0,0,1,7,0,,,0,10,9,0
1764022719.2776513,1764022720.2776513,0,1,19,0,0,1,14,0,,,0,10,15,0
1764022720.2776513,1764022721.2776513,0,1,22,0,0,1,17,0,,,0,10,18,0
1764022721.2776513,1764022722.2776513,0,1,24,0,0,1,19,0,,,0,10,19,0
1764022722.2776513,1764022723.2776513,0,1,27,0,0,1,22,0,,,0,10,22,0
1764022723.2776513,1764022724.2776513,0,1,23,0,0,1,18,0,,,0,10,18,0
1764022724.2776513,1764022725.2776513,0,1,24,0,0,1,19,0,,,0,10,19,0
1764022725.2776513,1764022726.2776513,0,1,22,0,0,1,17,0,,,0,10,17,0
1764022726.2776513,1764022727.2776513,0,1,19,0,0,1,14,0,,,0,10,12,0
1764022727.2776513,1764022728.2776513,0,1,9,0,0,1,4,0,,,0,10,4,0
1764022728.2776513,1764022729.2776513,0,1,9,0,0,1,4,0,,,0,10,4,0
1764022729.2776513,1764022730.2776513,0,1,9,0,0,1,4,0,,,0,10,4,0
1764022730.2776513,1764022731.2776513,0,1,9,0,0,1,4,0,,,0,10,2,0
1764022731.2776513,1764022732.2776513,0,1,9,0,0,1,4,0,,,0,10,2,0
1764022732.2776513,1764022733.2776513,0,1,9,0,0,1,4,0,,,0,10,5,0
1764022733.2776513,1764022734.2776513,0,1,6,0,0,1,2,0,,,0,10,1,0
1764022734.2776513,1764022735.2776513,0,1,6,0,0,1,2,0,,,0,10,1,0
1764022735.2776513,1764022736.2776513,0,1,6,0,0,1,2,0,,,0,10,1,0
1764022736.2776513,1764022737.2776513,0,1,6,0,0,1,2,0,,,0,10,1,0
1764022737.2776513,1764022738.2776513,0,1,6,0,0,1,2,0,,,0,10,1,0
1764022738.2776513,1764022739.2776513,0,1,6,0,0,1,2,0,,,0,10,1,0
1764022739.2776513,1764022740.2776513,0,1,6,0,0,1,2,0,,,0,10,1,0
1764022740.2776513,1764022741.2776513,0,1,6,0,0,1,2,0,,,0,10,1,0
1764022741.2776513,1764022742.2776513,0,1,7,0,0,1,2,0,,,0,10,2,0
1764022742.2776513,1764022743.2776513,0,1,7,0,0,1,2,0,,,0,10,2,0
1764022743.2776513,1764022744.2776513,0,3,11,0,0,2,5,0,,,0,10,6,0
1764022744.2776513,1764022745.2776513,0,3,7,0,0,2,2,0,,,0,10,2,0
1764022745.2776513,1764022746.2776513,0,3,7,0,0,2,2,0,,,0,10,2,0
1764022746.2776513,1764022747.2776513,0,3,7,0,0,2,2,0,,,0,10,2,0
1764022747.2776513,1764022748.2776513,0,3,7,0,0,2,2,0,,,0,10,2,0
1764022748.2776513,1764022749.2776513,0,3,7,0,0,2,2,0,,,0,10,2,0
1764022749.2776513,1764022750.2776513,0,3,13,0,0,2,8,0,,,0,10,9,0
1764022750.2776513,1764022751.2776513,0,3,16,0,0,2,11,0,,,0,10,12,0
1764022751.2776513,1764022752.2776513,0,3,25,0,0,2,20,0,,,0,10,21,0
1764022752.2776513,1764022753.2776513,0,3,32,0,0,2,27,0,,,0,10,28,0
1764022753.2776513,1764022754.2776513,0,3,41,0,0,2,36,0,,,0,10,37,0
1764022754.2776513,1764022755.2776513,0,3,42,0,0,2,37,0,,,0,10,38,0
1764022755.2776513,1764022756.2776513,0,3,45,0,0,2,40,0,,,0,10,40,0
1764022756.2776513,1764022757.2776513,0,3,46,0,0,2,41,0,,,0,10,41,0
1764022757.2776513,1764022758.2776513,0,3,47,0,0,2,42,0,,,0,10,42,0
1764022758.2776513,1764022759.2776513,0,3,45,0,0,2,40,0,,,0,10,42,0
1764022759.2776513,1764022760.2776513,0,3,36,0,0,2,30,0,,,0,10,33,0
1764022760.2776513,1764022761.2776513,0,3,15,0,0,2,9,0,,,0,10,10,0
1764022761.2776513,1764022762.2776513,0,3,15,0,0,2,9,0,,,0,10,10,0
1764022762.2776513,1764022763.2776513,0,3,15,0,0,2,9,0,,,0,10,10,0
1764022763.2776513,1764022764.2776513,0,3,12,0,0,2,7,0,,,0,10,8,0
1764022764.2776513,1764022765.2776513,0,3,17,0,0,2,12,0,,,0,10,13,0
1764022765.2776513,1764022766.2776513,0,3,21,0,0,2,16,0,,,0,10,17,0
1764022766.2776513,1764022767.2776513,0,3,21,0,0,2,16,0,,,0,10,18,0
1764022767.2776513,1764022768.2776513,0,3,14,0,0,2,8,0,,,0,10,10,0
1764022768.2776513,1764022769.2776513,0,3,14,0,0,2,8,0,,,0,10,10,0
1764022769.2776513,1764022770.2776513,0,3,14,0,0,2,8,0,,,0,10,10,0
1764022770.2776513,1764022771.2776513,0,3,17,0,0,2,11,0,,,0,10,11,0
1764022771.2776513,1764022772.2776513,0,3,7,0,0,2,2,0,,,0,10,1,0
1764022772.2776513,1764022773.2776513,0,3,7,0,0,2,2,0,,,0,10,1,0
1764022773.2776513,1764022774.2776513,0,3,7,0,0,2,2,0,,,0,10,1,0
1764022774.2776513,1764022775.2776513,0,3,7,0,0,2,2,0,,,0,10,1,0
1764022775.2776513,1764022776.2776513,0,3,7,0,0,2,2,0,,,0,10,1,0
1764022776.2776513,1764022777.2776513,0,3,8,0,0,2,2,0,,,0,10,2,0
1764022777.2776513,1764022778.2776513,0,3,8,0,0,2,2,0,,,0,10,2,0
1764022778.2776513,1764022779.2776513,0,3,8,0,0,2,2,0,,,0,10,2,0
1764022779.2776513,1764022780.2776513,0,3,9,0,0,2,3,0,,,0,10,3,0
1764022780.2776513,1764022781.2776513,0,3,10,0,0,2,4,0,,,0,10,4,0
1764022781.2776513,1764022782.2776513,0,3,18,0,0,2,12,0,,,0,10,12,0
1764022782.2776513,1764022783.2776513,0,3,22,0,0,2,16,0,,,0,10,16,0
1764022783.2776513,1764022784.2776513,0,3,28,0,0,2,22,0,,,0,10,22,0
1764022784.2776513,1764022785.2776513,0,3,32,0,0,2,26,0,,,0,10,26,0
1764022785.2776513,1764022786.2776513,0,3,38,0,0,2,32,0,,,0,10,32,0
1764022786.2776513,1764022787.2776513,0,3,36,0,0,2,30,0,,,0,10,28,0
1764022787.2776513,1764022788.2776513,0,3,36,0,0,2,30,0,,,0,10,23,0
1764022788.2776513,1764022789.2776513,0,3,24,0,0,2,18,0,,,0,10,19,0
1764022789.2776513,1764022790.2776513,0,3,23,0,0,2,17,0,,,0,10,18,0
1764022790.2776513,1764022791.2776513,0,3,15,0,0,2,9,0,,,0,10,9,0
1764022791.2776513,1764022792.2776513,0,3,15,0,0,2,9,0,,,0,10,9,0
1764022792.2776513,1764022793.2776513,0,3,18,0,0,2,12,0,,,0,10,12,0
1764022793.2776513,1764022794.2776513,0,3,12,0,0,2,6,0,,,0,10,6,0
1764022794.2776513,1764022795.2776513,0,3,12,0,0,2,6,0,,,0,10,6,0
1764022795.2776513,1764022796.2776513,0,3,12,0,0,2,6,0,,,0,10,5,0
1764022796.2776513,1764022797.2776513,0,3,12,0,0,2,6,0,,,0,10,5,0
1764022797.2776513,1764022798.2776513,0,3,12,0,0,2,6,0,,,0,10,2,0
1764022798.2776513,1764022799.2776513,0,3,12,0,0,2,6,0,,,0,10,1,0
1764022799.2776513,1764022800.2776513,0,3,12,0,0,2,6,0,,,0,10,1,0
1764022800.2776513,1764022801.2776513,0,3,12,0,0,2,6,0,,,0,,0,0
1764022801.2776513,1764022802.2776513,0,3,6,0,0,2,2,0,,,0,10,2,0
1764022802.2776513,1764022803.2776513,0,3,6,0,0,2,2,0,,,0,10,2,0
1764022803.2776513,1764022804.2776513,0,3,6,0,0,2,2,0,,,0,10,2,0
1764022804.2776513,1764022805.2776513,0,3,6,0,0,2,2,0,,,0,10,2,0
1764022805.2776513,1764022806.2776513,0,3,7,0,0,2,2,0,,,0,10,3,0
1764022806.2776513,1764022807.2776513,0,3,14,0,0,2,9,0,,,0,10,9,0
1764022807.2776513,1764022808.2776513,0,3,20,0,0,2,15,0,,,0,10,15,0
1764022808.2776513,1764022809.2776513,0,3,20,0,0,2,15,0,,,0,10,15,0
1764022809.2776513,1764022810.2776513,0,3,20,0,0,2,15,0,,,0,10,15,0
1764022810.2776513,1764022811.2776513,0,3,20,0,0,2,15,0,,,0,10,14,0
1764022811.2776513,1764022812.2776513,0,3,6,0,0,2,2,0,,,0,10,1,0
1764022812.2776513,1764022813.2776513,0,3,6,0,0,2,2,0,,,0,10,1,0
1764022813.2776513,1764022814.2776513,0,3,6,0,0,2,2,0,,,0,10,1,0
1764022814.2776513,1764022815.2776513,0,3,6,0,0,2,2,0,,,0,10,1,0
1764022815.2776513,1764022816.2776513,0,3,6,0,0,2,2,0,,,0,10,1,0
1764022816.2776513,1764022817.2776513,0,3,6,0,0,2,2,0,,,0,10,1,0
1764022817.2776513,1764022818.2776513,0,3,6,0,0,2,2,0,,,0,10,1,0
1764022818.2776513,1764022819.2776513,0,3,6,0,0,2,2,0,,,0,10,1,0
1764022819.2776513,1764022820.2776513,0,3,6,0,0,2,2,0,,,0,10,1,0
1764022820.2776513,1764022821.2776513,0,3,6,0,0,2,2,0,,,0,10,1,0
1764022821.2776513,1764022822.2776513,0,3,6,0,0,2,2,0,,,0,10,1,0
1764022822.2776513,1764022823.2776513,0,3,7,0,0,2,2,0,,,0,10,2,0
1764022823.2776513,1764022824.2776513,0,3,7,0,0,2,2,0,,,0,10,2,0
1764022824.2776513,1764022825.2776513,0,3,9,0,0,2,4,0,,,0,10,4,0
1764022825.2776513,1764022826.2776513,0,3,9,0,0,2,4,0,,,0,10,4,0
1764022826.2776513,1764022827.2776513,0,3,10,0,0,2,5,0,,,0,10,5,0
1764022827.2776513,1764022828.2776513,0,3,10,0,0,2,5,0,,,0,10,5,0
1764022828.2776513,1764022829.2776513,0,3,11,0,0,2,6,0,,,0,10,6,0
1764022829.2776513,1764022830.2776513,0,3,18,0,0,2,13,0,,,0,10,13,0
1764022830.2776513,1764022831.2776513,0,3,21,0,0,2,16,0,,,0,10,17,0
1764022831.2776513,1764022832.2776513,0,3,18,0,0,2,13,0,,,0,10,14,0
1764022832.2776513,1764022833.2776513,0,3,18,0,0,2,13,0,,,0,10,14,0
1764022833.2776513,1764022834.2776513,0,3,8,0,0,2,3,0,,,0,10,3,0
1764022834.2776513,1764022835.2776513,0,3,8,0,0,2,3,0,,,0,10,3,0
1764022835.2776513,1764022836.2776513,0,3,8,0,0,2,3,0,,,0,10,3,0
1764022836.2776513,1764022837.2776513,0,3,8,0,0,2,3,0,,,0,10,3,0
1764022837.2776513,1764022838.2776513,0,3,8,0,0,2,3,0,,,0,10,3,0
1764022838.2776513,1764022839.2776513,0,3,8,0,0,2,3,0,,,0,10,3,0
1764022839.2776513,1764022840.2776513,0,3,8,0,0,2,3,0,,,0,10,3,0
1764022840.2776513,1764022841.2776513,0,3,7,0,0,2,2,0,,,0,10,2,0
1764022841.2776513,1764022842.2776513,0,3,8,0,0,2,2,0,,,0,10,3,0
1764022842.2776513,1764022843.2776513,0,3,8,0,0,2,2,0,,,0,10,3,0
1764022843.2776513,1764022844.2776513,0,3,8,0,0,2,2,0,,,0,10,3,0
1764022844.2776513,1764022845.2776513,0,3,7,0,0,2,2,0,,,0,10,4,0
1764022845.2776513,1764022846.2776513,0,3,6,0,0,2,1,0,,,0,10,3,0
1764022846.2776513,1764022847.2776513,0,3,6,0,0,2,1,0,,,0,10,3,0
1764022847.2776513,1764022848.2776513,0,3,6,0,0,2,1,0,,,0,10,3,0
1764022848.2776513,1764022849.2776513,0,3,6,0,0,2,1,0,,,0,10,1,0
1764022849.2776513,1764022850.2776513,0,3,6,0,0,2,1,0,,,0,10,1,0
1764022850.2776513,1764022851.2776513,0,3,6,0,0,2,1,0,,,0,10,1,0
1764022851.2776513,1764022852.2776513,0,3,6,0,0,2,1,0,,,0,10,1,0
1764022852.2776513,1764022853.2776513,0,3,6,0,0,2,1,0,,,0,10,1,0
1764022853.2776513,1764022854.2776513,0,3,6,0,0,2,1,0,,,0,10,1,0
1764022854.2776513,1764022855.2776513,0,3,7,0,0,2,2,0,,,0,10,2,0
1764022855.2776513,1764022856.2776513,0,3,8,0,0,2,3,0,,,0,10,3,0
1764022856.2776513,1764022857.2776513,0,3,8,0,0,2,3,0,,,0,10,3,0
1764022857.2776513,1764022858.2776513,0,3,8,0,0,2,3,0,,,0,10,3,0
1764022858.2776513,1764022859.2776513,0,3,8,0,0,2,3,0,,,0,10,3,0
1764022859.2776513,1764022860.2776513,0,3,8,0,0,2,3,0,,,0,10,2,0
1764022860.2776513,1764022861.2776513,0,3,8,0,0,2,3,0,,,0,10,1,0
1764022861.2776513,1764022862.2776513,0,3,7,0,0,2,2,0,,,0,10,2,0
1764022862.2776513,1764022863.2776513,0,3,8,0,0,2,3,0,,,0,10,3,0
